Unnamed: 0,sample_id,deg_CmpBst_s_mapEff_in,deg_CmpBst_s_mapWc_in,deg_CmpFan_s_mapEff_in,deg_CmpFan_s_mapWc_in,deg_CmpH_s_mapEff_in,deg_CmpH_s_mapWc_in,deg_TrbH_s_mapEff_in,deg_TrbH_s_mapWc_in,deg_TrbL_s_mapEff_in,deg_TrbL_s_mapWc_in,CRUISE_DECKSMRHPC_Tin,CRUISE_DECKSMRLPT_Tin,CRUISE_DECKSMRHPC_Pout_st,CRUISE_DTAMB,CRUISE_ALT,CRUISE_MACH,CRUISE_COMMAND,TAKEOFF_DECKSMRHPC_Tin,TAKEOFF_DECKSMRLPT_Tin,TAKEOFF_DECKSMRHPC_Pout_st,TAKEOFF_DTAMB,TAKEOFF_ALT,TAKEOFF_MACH,TAKEOFF_COMMAND,CLIMB1_DECKSMRHPC_Tin,CLIMB1_DECKSMRLPT_Tin,CLIMB1_DECKSMRHPC_Pout_st,CLIMB1_DTAMB,CLIMB1_ALT,CLIMB1_MACH,CLIMB1_COMMAND,CLIMB2_DECKSMRHPC_Tin,CLIMB2_DECKSMRLPT_Tin,CLIMB2_DECKSMRHPC_Pout_st,CLIMB2_DTAMB,CLIMB2_ALT,CLIMB2_MACH,CLIMB2_COMMAND
0,0,-0.0303869780242779,0.0016488972481983,-0.0484292989599556,-0.0201578944232474,-0.0475470886739438,-0.0283804978813094,-0.0203805698509951,-0.0437860643052769,-0.0260640568163377,-0.0174503859378955,344.17842798740156,1210.238500109104,1447357.8077586798,10.0,35000,0.78,25000,392.31008169241886,1365.5513817552232,3609414.210756607,15.0,0.0,0.0,120000,368.06248650413625,1240.0753508242124,2338170.8796261246,10.0,15000,0.55,120000,344.3511283065799,1212.8509111455378,1454138.663897879,10.0,35000,0.78,120000
1,1,-0.0311853990121162,0.0252585880089211,-0.0388219325600403,0.0173417907093833,-0.0307217070994136,0.0162182090225721,-0.0307772923935079,-0.0180638172561041,-0.0194138155859962,0.0213683356008779,336.9086785639906,1198.2855083900681,1400426.2477329005,10.0,35000,0.78,25000,391.67949412158794,1379.333970137294,3786357.660629469,15.0,0.0,0.0,120000,366.8455686740967,1268.2654681941947,2510067.555915897,10.0,15000,0.55,120000,343.1595512632969,1265.0555134306,1558550.910206245,10.0,35000,0.78,120000
2,2,-0.0023790438700426,-0.0278836207745038,-0.0444853490121974,-0.0491144968970577,-0.0488891917485368,-0.0165557109662815,-0.0462333605018635,0.0489561962342127,-0.0350771447460337,0.0153169510467575,347.42286461125616,1239.788160751346,1305731.9844023748,10.0,35000,0.78,25000,389.5828632068517,1379.728573834776,3056852.293230303,15.0,0.0,0.0,120000,365.63577795232385,1242.6316231967041,1930488.7612857528,10.0,15000,0.55,120000,342.1630769559723,1204.6089193131795,1196754.660080631,10.0,35000,0.78,120000
3,3,-0.0058723810779539,0.0236259922140526,-0.045662912679069,-0.0166963677648279,-0.0312347779056379,0.0130484229127325,-0.0295649607526677,-0.0354757049262259,-0.0496134546745254,-0.0016698139946825,341.4596556980949,1200.1752038389805,1460772.0816196399,10.0,35000,0.78,25000,390.97280862440743,1361.1762424248345,3698870.693277175,15.0,0.0,0.0,120000,366.8438396679794,1237.7355028079678,2401293.371853282,10.0,15000,0.55,120000,342.95155046190337,1213.7446210777582,1499673.1855425467,10.0,35000,0.78,120000
4,4,-0.0047185759594361,-0.0042661425568462,-0.0473501325510011,-0.0374498933131056,-0.0079161299006976,0.0053561885140025,-0.042193739189515,-0.0482883281039302,-0.0418412477519874,-0.0181397524836093,344.6077997344636,1194.516884281556,1477476.3728351977,10.0,35000,0.78,25000,389.65236447423194,1333.9743044111412,3556593.214635471,15.0,0.0,0.0,120000,365.711120152195,1205.2739422411257,2272669.8866396905,10.0,15000,0.55,120000,342.11731156711943,1173.8082209179431,1414279.6790539564,10.0,35000,0.78,120000
5,5,-0.0420999541012375,-0.0220058898158008,-0.049393462188751,-0.0161318806852736,-0.0378525826893131,-0.0234245832248175,-0.0132294578877691,0.016431258804047,-0.0330698984990638,0.009885469926464,339.57849054840113,1206.6334937870247,1369347.4355944535,10.0,35000,0.78,25000,389.0804639265612,1354.048828378723,3479083.901329977,15.0,0.0,0.0,120000,364.76694524519024,1229.594269635877,2257495.252790601,10.0,15000,0.55,120000,340.55365093225276,1221.3241611564088,1396856.7056236316,10.0,35000,0.78,120000
6,6,-0.0398342014808952,0.0120231230350855,-0.0107826180532405,0.0053880009140671,-0.0193173591600002,-0.0224428635205264,-0.0317796035803727,0.0066960499019373,-0.0470154089172839,-0.0024367173892323,339.3514445609261,1202.985224611793,1364143.109481964,10.0,35000,0.78,25000,392.10386924645394,1373.9923966743572,3585157.3964765496,15.0,0.0,0.0,120000,367.4483657999117,1259.2594044897205,2359426.6661660033,10.0,15000,0.55,120000,343.8356841888239,1250.4378220627475,1463960.5267927467,10.0,35000,0.78,120000
7,7,-0.0186072923364097,0.0072731770850202,-0.000926701536634,0.0226128484113077,-0.0195291513708445,-0.0102251071136175,-0.0156467968788833,0.0273380834852731,-0.0372785160761706,-0.0147838982091064,334.0733273113354,1189.4170838284333,1314651.3608056363,10.0,35000,0.78,25000,388.947603009464,1369.3420205311766,3555410.9259612192,15.0,0.0,0.0,120000,364.15212489359067,1260.4246217578543,2362110.100829462,10.0,15000,0.55,120000,340.57774061645995,1266.8911953251431,1455581.0495866777,10.0,35000,0.78,120000
8,8,-0.0113321567701636,0.0064748905108479,-0.017407010192333,-0.0037335783359261,-0.0255113560365669,-0.0012720382886205,-0.0153611796752982,0.0385381227697486,-0.0340806358895168,-0.0415010447751033,340.4061053255125,1203.48423870897,1295233.6428444355,10.0,35000,0.78,25000,391.07379210496083,1370.585186070684,3314733.6282837936,15.0,0.0,0.0,120000,366.36447087303713,1250.7361066281708,2167097.3527490865,10.0,15000,0.55,120000,342.57383186868833,1222.1256334720604,1348214.9616155731,10.0,35000,0.78,120000
9,9,-0.0120761560513565,-0.0161570563000621,-0.028723078137787,-0.0191048169808771,-0.0011507560445739,0.0238957739255048,-0.0281809063052767,0.0029123500806838,-0.0080590029510602,-0.0219618976645495,340.85621756571686,1170.7243146474102,1357333.343325364,10.0,35000,0.78,25000,388.68536138642423,1318.7846311586336,3355857.0066583147,15.0,0.0,0.0,120000,364.47201321115296,1195.480215680166,2169204.7667873125,10.0,15000,0.55,120000,340.266387512762,1168.0198478294521,1344930.9067379972,10.0,35000,0.78,120000
10,10,-0.0004542903453538,-0.0185597657070486,-0.0066329349807297,-0.0339753411018781,-0.0438893754519829,0.0014264878486727,-0.0457246807510718,0.0467277584381548,-0.0295481954810767,0.0160973976034561,345.8838377885274,1224.9378961721497,1284130.9197549701,10.0,35000,0.78,25000,390.12882937925525,1370.9967402667671,3079385.39803049,15.0,0.0,0.0,120000,365.87422621089473,1241.889001732697,1965691.9590657998,10.0,15000,0.55,120000,342.5208345662298,1203.9216620233726,1218097.2929251203,10.0,35000,0.78,120000
11,11,-0.0377278881449168,-0.0141618906918361,-0.0151529783120753,0.0231366243448464,-0.0365883863914696,0.0005147085727261,-0.0483792597649176,0.047280537044049,-0.0197160465198875,-0.0056273088407024,336.0364852931066,1255.5459936445964,1239437.193157886,10.0,35000,0.78,25000,391.1877308710105,1450.9505414876462,3352608.0252190526,15.0,0.0,0.0,120000,365.9788335063264,1333.9130628777443,2227125.875286968,10.0,15000,0.55,120000,341.5765681080516,1313.1546047009558,1380318.1720247364,10.0,35000,0.78,120000
12,12,-0.0107920489844563,0.0182801227187561,-0.0280422221605699,0.0288673540782635,-0.0440208070869309,-0.0479951926553956,-0.0351649306061664,-0.021144524188866,-0.0130517014838612,0.0304123554278222,333.75837361775837,1215.2519473671653,1380601.288468331,10.0,35000,0.78,25000,389.31909222107396,1400.0236803280284,3815263.774270303,15.0,0.0,0.0,120000,364.41895633262595,1287.7037192135822,2547643.5248459973,10.0,15000,0.55,120000,342.1300415385917,1317.5569027888216,1558456.0878528713,10.0,35000,0.78,120000
13,13,-0.0220852964842684,-0.0243400960947014,-0.0377905305698502,-0.0494774958436278,-0.0062954577457407,0.0299817569031762,-0.0174792796066207,0.0035176965630571,-0.0003913676136251,0.0059172700000775,346.87804120748075,1146.2343356904873,1405029.2731386472,10.0,35000,0.78,25000,389.23556950445095,1263.4863090202527,3251058.6861143247,15.0,0.0,0.0,120000,365.5350742507103,1134.6766988932695,2057294.4884412827,10.0,15000,0.55,120000,341.53912046928684,1102.9686976890766,1273546.4164568458,10.0,35000,0.78,120000
14,14,-0.000743329165419,-0.0087925655954836,-0.0019689132274874,-0.0392573824419008,-0.0187367447005284,-0.0238135805304735,-0.0191657844986712,-0.0415206724024715,-0.0277194557301525,0.0449783879201196,342.6224668563097,1135.210435403627,1501342.6202340052,10.0,35000,0.78,25000,387.02900853842294,1250.0406546441525,3576064.2902973616,15.0,0.0,0.0,120000,363.4198975715095,1126.0387741297288,2281575.0871190205,10.0,15000,0.55,120000,339.01430238098067,1100.626530896746,1413350.8530402512,10.0,35000,0.78,120000
15,15,-0.0489131459620971,0.0292830713825281,-0.0230701245444993,-0.0432432289148312,-0.0280542878705677,-0.0385377920744318,-0.0406406168919195,0.023340577365308,-0.0213634973071434,-0.0487686474919176,361.83645780553553,1252.6322918345652,1310726.0942286171,10.0,35000,0.78,25000,401.0177052507006,1385.9122906055372,3066660.3410870107,15.0,0.0,0.0,120000,376.42608885273427,1249.8084086222623,1947475.511905306,10.0,15000,0.55,120000,356.1103757066829,1217.4997068208406,1208373.7001144376,10.0,35000,0.78,120000
16,16,-0.0350538704729779,-0.04593280947611,-0.0046151069954474,-0.0276299300449409,-0.0237774262346957,0.00650326217291,-0.0439148948715662,-0.0348082514720643,-0.0321585694464113,-0.0049528993950697,342.9008312092022,1211.1563114831088,1401911.7639864546,10.0,35000,0.78,25000,389.0410434323372,1355.4883891819145,3413469.232917595,15.0,0.0,0.0,120000,364.84819451446515,1227.6721741410217,2191230.1632874347,10.0,15000,0.55,120000,340.3231234825404,1196.5777937199553,1353123.787717434,10.0,35000,0.78,120000
17,17,-0.03414545891907,-0.0200120457033853,-0.0211279825452838,-0.0467488348560391,-0.002582303908791,0.0235640715044861,-0.0467175485300015,7.624435944167396e-06,-0.0054458386331274,-0.0457486080194569,354.52641236070144,1216.4318503099526,1336940.3262010014,10.0,35000,0.78,25000,394.3843745567892,1346.179531240501,3082623.0738835335,15.0,0.0,0.0,120000,369.9833967021928,1214.515520880522,1945614.9086763456,10.0,15000,0.55,120000,347.712784142938,1176.2975704294886,1204090.408632619,10.0,35000,0.78,120000
18,18,-0.0229453962454392,-0.0483147573117582,-0.0137594291801932,-0.0478527432414646,-0.0148860062160554,-0.0273293290105342,-0.0031868288644368,0.0419055333319384,-0.0093733948056745,-0.0302624605159228,346.12114481817036,1158.322730861262,1318246.8373769657,10.0,35000,0.78,25000,388.1412658037633,1278.4089825784167,3036238.218813516,15.0,0.0,0.0,120000,364.2988437097256,1147.0031397124797,1921503.0616780359,10.0,15000,0.55,120000,339.88218211766906,1111.9674865473662,1186294.1355237765,10.0,35000,0.78,120000
19,19,-0.0469684065752668,-0.0349927764600045,-0.0415613789662057,-0.0122648901376999,-0.0125766421583122,-0.0373434146465261,-0.0262996913957604,-0.0048745620408374,-0.0385982173328572,0.0256896763270999,337.81193053326774,1223.500606221687,1395282.6227897897,10.0,35000,0.78,25000,387.50732248066936,1354.4224200377555,3606977.742521253,15.0,0.0,0.0,120000,362.79357570093504,1220.9623593602882,2359314.9069837127,10.0,15000,0.55,120000,339.3787089717977,1250.5059539470365,1433842.7987587855,10.0,35000,0.78,120000
20,20,-0.0288887024191205,-0.0027774611408487,-0.0427503705931011,-0.0045151180020409,-0.0355069681438541,-0.040583724823999,-0.0475659111088932,-0.0366776586736128,-0.0070609162523142,-0.0135063299316206,341.8688047618165,1228.6662385030681,1390417.3685256485,10.0,35000,0.78,25000,392.2549660800375,1400.2606256186184,3568040.334468923,15.0,0.0,0.0,120000,367.6078141424799,1276.542448605845,2328520.377946153,10.0,15000,0.55,120000,344.0469197187552,1250.0581902009603,1446992.7915033828,10.0,35000,0.78,120000
21,21,-0.0433471312178214,0.0143351067126232,-0.04459988782583,0.0269567003790541,-0.0448577035648079,0.0214088127968675,-6.552887577865318e-05,-0.0011237538036503,-0.0329637812755032,0.036602421806175,333.35310419526263,1208.478103642913,1396363.7585076906,10.0,35000,0.78,25000,389.60036057222555,1390.1924805202289,3893276.7038144777,15.0,0.0,0.0,120000,364.6723400558479,1279.2763927584717,2599457.9338284982,10.0,15000,0.55,120000,342.22410612543456,1330.1658650169234,1585813.6050820472,10.0,35000,0.78,120000
22,22,-0.0491504743458904,0.0096091327637187,-0.0073314321063817,-0.0443644986056375,-0.034143223113441,0.0116601532565503,-0.0235124297456931,-0.0325551980423268,-0.0268169875558405,-0.0031058974037507,355.26571911501446,1187.8076142303776,1446317.471762718,10.0,35000,0.78,25000,396.6492812654137,1318.5889607313563,3376886.330075214,15.0,0.0,0.0,120000,372.44548858508585,1188.900591644785,2141462.3800465805,10.0,15000,0.55,120000,350.13822784506397,1154.2500867602866,1327451.037116915,10.0,35000,0.78,120000
23,23,-0.0370701697985319,0.0024647085445469,-0.0134831159560715,-0.0248768340425875,-0.0354665116108001,-0.0426434887324903,-0.0162336908007776,0.0242152365507478,-0.0290089183919884,0.0458908560032342,344.2643356328607,1169.8284916822422,1379015.0534018972,10.0,35000,0.78,25000,391.19643311954445,1304.6055553056651,3411577.750387329,15.0,0.0,0.0,120000,367.1750329942374,1180.2121358503812,2201044.380322112,10.0,15000,0.55,120000,343.4864782160973,1163.0090984658164,1363186.2928855221,10.0,35000,0.78,120000
24,24,-0.0104147143074413,0.0261625463293398,-0.0431163203709832,-0.0144246156724792,-0.01130300791035,-0.0250941911630208,-0.0113015535786693,0.0315874284307263,-0.0346870920217035,-0.0274258820863735,341.86094157883196,1173.3584329196397,1355666.6251033924,10.0,35000,0.78,25000,391.3028184347528,1327.5892848296826,3421388.3224352575,15.0,0.0,0.0,120000,367.0658804829105,1209.2045901383794,2224984.825554711,10.0,15000,0.55,120000,343.357592396791,1183.4231489651415,1387977.5122669365,10.0,35000,0.78,120000
25,25,-0.0428259655127899,-0.0130939925054018,-0.0167269484410381,-0.035798271650361,-0.0071183311814987,0.0086031885758052,-0.0119082843817119,-0.0401052780798541,-0.0300332794284775,0.0204055663362435,344.3702800118979,1143.4008976208634,1498827.772497179,10.0,35000,0.78,25000,389.87292817856286,1263.9228278489215,3609877.5853525074,15.0,0.0,0.0,120000,365.98961925149644,1139.2786464910039,2312124.9480300923,10.0,15000,0.55,120000,341.57493249014306,1117.7658943526424,1430421.1800169738,10.0,35000,0.78,120000
26,26,-0.0405730866220963,0.0101402686476349,-0.014655167336962,-0.0109150975463769,-0.0339604852362437,-0.0485324253781882,-0.0356423600411689,-0.022153613395192,-0.0270577450318326,0.0479788519836635,342.72617345291263,1188.4010858592474,1429348.629413725,10.0,35000,0.78,25000,392.1501795603087,1336.596830957014,3647532.7605662136,15.0,0.0,0.0,120000,367.93451621182203,1217.8845422474371,2373840.435368441,10.0,15000,0.55,120000,344.57883270813466,1208.121193913251,1467039.42514976,10.0,35000,0.78,120000
27,27,-0.0015276977045821,-0.0253397131767486,-0.0350266909663135,0.0239270849471112,-0.0178403572633997,-0.0495149043654656,-0.022158995548476,0.0344954737629777,-0.0029375024711173,-0.0468511316268222,331.1818123037352,1215.7905323915438,1263199.1511178296,10.0,35000,0.78,25000,385.65468170346804,1393.11373480908,3417552.7404041043,15.0,0.0,0.0,120000,360.91583385874935,1281.5382332645602,2269187.0530504696,10.0,15000,0.55,120000,337.12556506377206,1293.7178907168914,1391771.6461822009,10.0,35000,0.78,120000
28,28,-0.0030217375310063,0.0002548012723227,-0.0221183724355522,0.0282004899393342,-0.0132856163258713,-0.0047330099405625,-0.0425246270599638,0.0146263858615404,-0.0357618764743588,0.0118983280970962,330.5043281799743,1213.635676503521,1330089.5414056953,10.0,35000,0.78,25000,386.3938844057784,1399.6514000502873,3672859.342329103,15.0,0.0,0.0,120000,361.688159000436,1290.446191835863,2447099.427725644,10.0,15000,0.55,120000,338.1275973551322,1317.4198249739864,1500342.6571526031,10.0,35000,0.78,120000
29,29,-0.0094167292768942,0.0171584305068279,-0.002962420934509,0.000320709486736,-0.0159217874757988,-0.045122122515142,-0.0104897853402932,-0.0378020258802735,-0.0158897387703856,0.0073575167240044,338.7423383538324,1150.5815917713462,1445494.7918984934,10.0,35000,0.78,25000,389.13943842439255,1291.3095475268728,3747751.701535261,15.0,0.0,0.0,120000,364.59572124597037,1173.8488210994587,2459279.912545257,10.0,15000,0.55,120000,341.85519452419913,1182.400194687919,1507393.2562641157,10.0,35000,0.78,120000
30,30,-0.014889498177289,-0.0117076417667305,-0.0357680340179738,-0.0232113782961523,-0.0454287860720612,0.0200297605075251,-0.0391925447480501,0.0293604367287629,-0.0221332316587504,0.031860231589046,342.4850881844442,1217.148539452358,1327020.1719236642,10.0,35000,0.78,25000,390.0327307974236,1372.4766108422975,3290422.9880465516,15.0,0.0,0.0,120000,365.75743835251575,1243.8704782047269,2120713.66407759,10.0,15000,0.55,120000,341.9283129258673,1213.7961917409477,1316257.4494491182,10.0,35000,0.78,120000
31,31,-0.0267389386370118,0.004866488505124,-0.0246162849702644,0.0257059905519078,-0.0051831962249131,-0.02146199645153,-0.0276897320398634,-0.0026857433454559,-0.0481484382372856,-0.0209488579267153,333.12988955594443,1219.2818417830892,1363446.2691093814,10.0,35000,0.78,25000,388.63417340807973,1396.47927121032,3762635.744509196,15.0,0.0,0.0,120000,363.8941165894312,1284.6687087023654,2508469.03121957,10.0,15000,0.55,120000,341.0142046020794,1321.8890066210154,1532005.7794885626,10.0,35000,0.78,120000
32,32,-0.033458174009769,0.0288152716573599,-0.0361641806025023,0.0167716521681359,-0.0429242802443868,-0.030522069872448,-0.0209021959139735,0.0194672777239342,-0.0218164588146338,-0.0192881556141824,339.4554422837704,1220.3495185182564,1321484.3030598701,10.0,35000,0.78,25000,393.9857756228533,1405.529121522528,3547149.652334051,15.0,0.0,0.0,120000,368.886267467671,1291.4001596788344,2351048.753631596,10.0,15000,0.55,120000,345.39814161614385,1274.9994704534806,1465482.5768840285,10.0,35000,0.78,120000
33,33,-0.0368674465811551,-0.0189619236745005,-0.0348473990644092,0.0037114247453392,-0.0490660514186507,-9.150379243354212e-05,-0.0095475478741149,-0.0147257156282714,-0.0360422466094117,-0.0479359398227006,337.8598210304791,1233.5491849797315,1361563.467689064,10.0,35000,0.78,25000,390.32399567286933,1407.797299918027,3561208.534354983,15.0,0.0,0.0,120000,365.514922376735,1289.2545585332716,2339606.37844064,10.0,15000,0.55,120000,341.06743005344373,1267.5088787377395,1453497.6484508761,10.0,35000,0.78,120000
34,34,-0.0235687039650189,-0.0403671041967272,-0.0094004420880425,-0.007274945603573,-0.0068913120523147,0.0189639081288135,-0.0389730135314086,0.0057466166461608,-0.0312950379476791,0.0199049508024355,335.11193702570773,1190.3017891268012,1352574.7307723167,10.0,35000,0.78,25000,385.70220235543366,1344.111040822394,3463040.735625758,15.0,0.0,0.0,120000,361.38346907472976,1222.751280810935,2257167.110907184,10.0,15000,0.55,120000,336.1923476685528,1211.0016159511947,1392669.7448563934,10.0,35000,0.78,120000
35,35,-0.026308082850012,-0.0341370330432742,-0.0262824753057362,-0.040857944411227,-0.0272329925764906,-0.0344181054204105,-0.0453819616950032,-0.026799244716512,-0.0177460766077877,0.0134004065584773,346.1079948254095,1197.2821156777034,1416621.0289373149,10.0,35000,0.78,25000,389.8659941535551,1331.1721784389676,3354726.0216626273,15.0,0.0,0.0,120000,365.64815809405144,1201.0713531548586,2134219.2352617015,10.0,15000,0.55,120000,341.78201054039357,1168.4074991052555,1317754.080550178,10.0,35000,0.78,120000
36,36,-0.014465618117845,0.0235042131291991,-0.02355855178295,-0.0084701672095286,-0.0278289316425202,-0.0359348866406323,-0.0038871607080709,0.0223287685866914,-0.0121668188791641,-0.0118983665473615,342.0059451804033,1156.4898092895496,1354182.530374337,10.0,35000,0.78,25000,391.5782019712623,1312.6634197111987,3422838.9667712757,15.0,0.0,0.0,120000,367.2149046116047,1195.5745966278796,2232015.808308514,10.0,15000,0.55,120000,343.70854672049035,1169.8817381288923,1388147.4113989386,10.0,35000,0.78,120000
37,37,-0.0338812660735353,0.0129835720472718,-0.005182096008886,-0.0238515519841634,-0.0480788058243125,-0.0285182266980337,-0.0029680637316878,0.0155620959628012,-0.0456916599113887,-0.0227296857086773,347.4994667388417,1193.6026367423322,1361391.6201826995,10.0,35000,0.78,25000,394.20403127524963,1342.6499484564206,3343630.5026304345,15.0,0.0,0.0,120000,369.7454097918615,1219.7317612383515,2157130.8722180696,10.0,15000,0.55,120000,346.6309141742666,1186.39701409512,1342404.5789248962,10.0,35000,0.78,120000
38,38,-0.0062764965326264,0.0268510880105292,-0.0063901507469546,-0.0151834956512996,-0.0121881797367404,0.0244106947640605,-0.0093588801180018,0.0400488053399961,-0.0185592392886085,0.0081494663208092,342.6553924940261,1140.378836980831,1338122.4682991297,10.0,35000,0.78,25000,391.08753452249965,1289.2576110795053,3339032.871268541,15.0,0.0,0.0,120000,366.81495002570017,1170.8514057136788,2166450.50220826,10.0,15000,0.55,120000,343.2289719948718,1143.7074104936962,1346267.7833526975,10.0,35000,0.78,120000
39,39,-0.0498185369419956,-0.002897537342668,-0.0187941289999846,0.0294511229079156,-0.0320061513429443,-0.0471634543694734,-0.0404126997555981,-0.019295359025344,-0.0207292740408992,-0.0094423141270678,335.5715132335674,1236.4725884474283,1353007.2000904311,10.0,35000,0.78,25000,391.7754164989795,1424.2603638228086,3719920.345729163,15.0,0.0,0.0,120000,366.5982077428725,1312.3222563221766,2481772.5668924525,10.0,15000,0.55,120000,343.71879671972675,1332.2257151936317,1523196.4812121878,10.0,35000,0.78,120000
40,40,-0.0071509636957212,0.0196652464835875,-0.0438906470177157,0.0075115292712031,-0.0464985173289187,-0.0035033600194461,-0.018641954218932,0.017163103420339,-0.0020532097659356,0.0240008952695257,337.1535909685875,1185.4428017398093,1344270.8662802796,10.0,35000,0.78,25000,389.9625620159905,1360.1440662843875,3547480.7439353797,15.0,0.0,0.0,120000,365.3645535449352,1244.8467030291083,2336704.45580825,10.0,15000,0.55,120000,341.34727489033946,1227.1640273230773,1454936.4791747653,10.0,35000,0.78,120000
41,41,-0.0283328423680532,0.0110798999875529,-0.029545220363492,0.0196823732808826,-0.0105144997516022,0.013807337553567,-0.0125715109375833,-0.0307767679406922,-0.0405991021136064,-0.0319106382271308,334.36040065736603,1189.1144775533246,1421478.9895585198,10.0,35000,0.78,25000,389.3351099629195,1364.4565137059146,3851216.6708238125,15.0,0.0,0.0,120000,364.5807466267215,1256.3822182485576,2559730.6385989278,10.0,15000,0.55,120000,341.0541460546417,1273.3195989937622,1576561.160542552,10.0,35000,0.78,120000
42,42,-0.0473281345196637,-0.0300289301683957,-0.0420027149170643,-0.0348413263336115,-0.0398029625888238,-0.0042411854486875,-0.0241192764103136,0.0301505911570769,-0.0285286159700766,-0.0158009638536416,346.97896497773337,1226.073528141856,1324469.4902639212,10.0,35000,0.78,25000,392.1803652545356,1371.7905521197501,3194911.6025531352,15.0,0.0,0.0,120000,367.820575374898,1239.2150725798863,2042167.5299853696,10.0,15000,0.55,120000,344.0726391511673,1206.1674419117207,1267128.5863799786,10.0,35000,0.78,120000
43,43,-0.0129638977150861,-0.0490176867192835,-0.0253490603919893,0.0205296158250756,-0.0035200756497735,-0.0109614256885752,-0.0290624618396528,-0.0135045309901929,-0.0433725940641644,-0.0106300118445764,328.2962203107436,1239.5800937352608,1358090.3548238266,10.0,35000,0.78,25000,382.6379617950941,1400.934435144997,3718652.537564792,15.0,0.0,0.0,120000,357.8790625608475,1285.0496883607395,2469737.5304128057,10.0,15000,0.55,120000,334.30030645446953,1336.435978609566,1495211.7029639282,10.0,35000,0.78,120000
44,44,-0.0164255655498809,-0.0437241703939528,-0.0163673105459675,-0.0365544331926951,-0.0326353793756589,0.0278320762421749,-0.0489901023924493,-0.010611543605977,-0.0135272501574956,-0.0496163089699275,348.6282519941947,1255.140193010461,1315543.6657337493,10.0,35000,0.78,25000,391.08240486678466,1400.1264486008558,3108762.186296222,15.0,0.0,0.0,120000,366.59410724733584,1268.4252287427794,1979360.6565428716,10.0,15000,0.55,120000,343.490794730159,1228.1569335697213,1221315.9004661085,10.0,35000,0.78,120000
45,45,-0.03902117527579,-0.0051073165690934,-0.0383547891425503,0.0098614977228619,-0.0360458605029121,-0.0189468265831042,-0.0084900135897771,0.0495414393575415,-0.0318920404741707,0.0413635916578922,335.2458547945774,1215.460714485838,1315630.0839171186,10.0,35000,0.78,25000,388.70053693812406,1374.6560954468844,3548345.9073561174,15.0,0.0,0.0,120000,363.888246891322,1253.2829249655547,2346272.888870973,10.0,15000,0.55,120000,341.11621281059996,1291.5876147254853,1431786.2996617174,10.0,35000,0.78,120000
46,46,-0.0477862065749793,-0.000516104203732,-0.030973012226779,0.0105589258939882,-0.0202890086079037,-0.0465598207556712,-0.0108246165776226,0.0430594055903044,-0.04007421949496,0.026491647261553,337.15943049670017,1226.8562295550214,1320579.6541276185,10.0,35000,0.78,25000,390.3071910560771,1384.9971211201441,3564242.4544504723,15.0,0.0,0.0,120000,365.43305565767366,1260.6278712116543,2358485.2068899437,10.0,15000,0.55,120000,343.09997469450957,1303.7691132932637,1438151.8524466187,10.0,35000,0.78,120000
47,47,-0.0402020171953703,0.0224206650164139,-0.0410596087630988,-0.0005072756878982,-0.0216390377728906,0.0025562363169913,-0.0077139516068406,-0.0006109875470366,-0.0018173145587091,0.0235881891034144,340.4098505242361,1153.1078603054275,1404964.5183893694,10.0,35000,0.78,25000,391.82052498673795,1309.202450396612,3649111.7400460965,15.0,0.0,0.0,120000,367.43814833809597,1193.014897635071,2393324.859055169,10.0,15000,0.55,120000,343.9217505145691,1190.9781999520017,1480201.125984779,10.0,35000,0.78,120000
48,48,-0.0177043915547143,0.0082258971786424,-0.0342941531242045,0.0265463672709462,-0.0085180299171386,0.0104652799646745,-0.018237066337545,-0.0202255928682042,-0.046786228966561,-0.0235657719004319,331.82864512735864,1204.5856924147342,1402128.260673882,10.0,35000,0.78,25000,387.5822367027512,1384.3748058905921,3876842.0025369735,15.0,0.0,0.0,120000,362.75123803520745,1276.9377915487678,2586313.291018589,10.0,15000,0.55,120000,339.7168268110575,1314.1085999791726,1583831.9637809058,10.0,35000,0.78,120000
49,49,-0.0168510010905551,-0.0337183587857609,-0.0398262165282605,0.0025470286785407,-0.0383937161109929,-0.0008393155068797,-0.0382157090975899,0.0323739875190589,-0.0451803286672251,-0.0075127392446067,334.0073981223485,1251.7898479495786,1296890.7467296931,10.0,35000,0.78,25000,386.6920266395305,1428.8213803346353,3414049.1889641485,15.0,0.0,0.0,120000,362.2170576781578,1307.0234331084625,2242476.5968284365,10.0,15000,0.55,120000,337.00032866306873,1293.2348012977284,1390758.4258603186,10.0,35000,0.78,120000
50,50,-0.0453683528442411,-0.0099091223093789,-0.0209605285986475,-0.0216029063401464,-0.0472601375573702,-0.033039896328611,-0.0311572253458721,0.0111626176376549,-0.0147470708232587,0.0348841432756647,345.09445547399866,1199.8420584335145,1359036.8106980415,10.0,35000,0.78,25000,392.57612373734014,1350.5087934846003,3366099.559582937,15.0,0.0,0.0,120000,368.1281151429234,1225.7158150892033,2173719.480620408,10.0,15000,0.55,120000,344.4931557395401,1194.9523823547731,1349076.631383293,10.0,35000,0.78,120000
51,51,-0.0250360295735364,-0.0018735945688315,-0.0115277839584534,-0.0286244891489069,-0.0006670650202507,0.0042616044438467,-0.0041569466849009,-0.027742692566725,-0.03650734142178,0.0221728265754793,341.574054954892,1135.9637578696236,1483223.2999964226,10.0,35000,0.78,25000,388.2247196414205,1250.5721081728252,3647102.611018559,15.0,0.0,0.0,120000,364.4034273699755,1128.996109128085,2349214.1378734712,10.0,15000,0.55,120000,340.0931971139521,1120.6796150114537,1451239.059421101,10.0,35000,0.78,120000
52,52,-0.0139282740117872,0.0041021907414467,-0.0315768064495303,-0.032080672326356,-5.98362779324485e-05,-0.0054919354888626,-0.0414792145904504,-0.0299954644725836,-0.0443860524456772,0.0386890384900792,342.10599766471046,1165.162974880576,1483961.822275538,10.0,35000,0.78,25000,388.86522450293876,1299.0818305280409,3636348.3676534486,15.0,0.0,0.0,120000,365.1313628221305,1172.7838853989958,2336648.121189672,10.0,15000,0.55,120000,340.8089686723883,1151.5563563546284,1451725.455309224,10.0,35000,0.78,120000
53,53,-0.005343832524583,-0.0153643250923872,-0.0301939208475818,0.003087289092331,-0.0415053638224878,-0.0293672461268817,-0.0017625441514836,0.0188362486957417,-0.0395829534339382,0.0121636957094497,333.59837124770075,1206.0248672376179,1352760.9219529075,10.0,35000,0.78,25000,385.3577684308174,1354.7841131046466,3582189.2086987803,15.0,0.0,0.0,120000,360.8829472416446,1232.783804107561,2357097.955851055,10.0,15000,0.55,120000,337.5916942144366,1261.7094526323463,1440082.1314136814,10.0,35000,0.78,120000
54,54,-0.0014945665013417,-0.0072447755424227,-0.0099195348654408,-0.018792257331461,-0.0245707979442843,-0.0351585964906034,-0.0141962863579209,-0.0470800492836461,-0.0038776650863973,0.0035662209726774,340.24009058439793,1142.8482463194823,1459465.8758519131,10.0,35000,0.78,25000,387.83077549720474,1280.2576647600004,3596116.711440475,15.0,0.0,0.0,120000,363.710565915255,1161.5411943870972,2326523.3785745124,10.0,15000,0.55,120000,339.5795311704693,1137.8553408451849,1443325.982934675,10.0,35000,0.78,120000
55,55,-0.0067346634670952,0.0178794616209494,-0.0450904633261154,-0.0267256828977249,-0.0390223245444871,-0.0429862818279549,-0.0211460296651572,-0.0444901975424015,-0.0057932225865073,0.0425067100241493,343.4205132369784,1157.0482302022995,1495227.3519468384,10.0,35000,0.78,25000,390.2041042085774,1295.3515808357552,3680264.2504829788,15.0,0.0,0.0,120000,366.3042461610956,1171.0791036546643,2369249.9968946567,10.0,15000,0.55,120000,342.74611931263604,1149.1368864892095,1474238.4936965038,10.0,35000,0.78,120000
56,56,-0.0385420576672784,-0.0309949339632445,-0.0324217941923812,-0.0129100709603827,-0.0138245745250671,-0.045736162604281,-0.0288814515095197,-0.0280581084817214,-0.0181833041924663,0.0494604725647383,338.268057231602,1203.4209304577353,1429504.3047701349,10.0,35000,0.78,25000,387.191408409477,1327.905407177929,3674669.208806757,15.0,0.0,0.0,120000,362.48177484047926,1195.3056672789428,2400399.506910764,10.0,15000,0.55,120000,339.48079895835895,1223.5962952218615,1455418.5998459377,10.0,35000,0.78,120000
57,57,-0.0206692282416486,-0.0058755830986297,-0.0112412862542936,-0.0298149020715675,-0.0294260077584405,0.0143961668136771,-0.0014547761219356,-0.0465871239405369,-0.0009251371494168,0.0176594092044084,343.892031809943,1129.8796730975168,1481779.586753686,10.0,35000,0.78,25000,389.56945976135967,1258.7841414479099,3573965.735695274,15.0,0.0,0.0,120000,365.64748373820265,1137.1761044421273,2295253.2330506966,10.0,15000,0.55,120000,341.43416316340824,1110.0736847951146,1421026.1212399702,10.0,35000,0.78,120000
58,58,-0.0117494084792657,-0.0496251288328036,-0.026552489857948,-0.0175188420053612,-0.0264586688362758,-0.0073046657922917,-0.0470887532912184,-0.0173388556356096,-0.0125958015048313,-0.0330248231317985,339.52069278534884,1231.0803059891462,1338909.7850120533,10.0,35000,0.78,25000,387.5172324571269,1388.3000170698547,3321132.175279155,15.0,0.0,0.0,120000,362.9822324753693,1261.2287566663615,2147266.773764824,10.0,15000,0.55,120000,338.5447244605553,1229.0404370667488,1327288.056289888,10.0,35000,0.78,120000
59,59,-0.024463730229252,-0.0391585658626055,-0.0241537675362103,-0.0256787817532461,-0.0250036572281465,0.0289775823147193,-0.0273515167328494,-0.0056337697730692,-0.0309909029737712,-0.012620357709658,340.8681633918132,1202.6147263157748,1370981.1408855605,10.0,35000,0.78,25000,388.07822393362704,1347.8897130874207,3365599.576232968,15.0,0.0,0.0,120000,363.7894046909773,1221.3726943911008,2167650.0301467595,10.0,15000,0.55,120000,339.1662339906435,1192.0705959599818,1340178.7503262106,10.0,35000,0.78,120000
60,60,-0.0027387529368138,-0.0386091460505472,-0.004451663935982,0.0246234432426253,-0.0099816056117746,-0.0442256041365905,-0.0249334007191309,-0.0031141040711836,-0.0203662067514968,0.0295599113004726,328.9084799622533,1222.2358694214165,1335966.0685754332,10.0,35000,0.78,25000,383.2035442649898,1383.2573900714383,3664366.3252764307,15.0,0.0,0.0,120000,358.39494370467764,1270.9037030724153,2437868.8062850186,10.0,15000,0.55,120000,335.23648185638984,1315.4811221829232,1471563.7059524884,10.0,35000,0.78,120000
61,61,-0.0232765519012056,-0.0321232819275858,-0.0219849075583527,0.0140123375348547,-0.0346441141227439,0.0166129972020496,-0.0268749917689676,-0.033346492861313,-0.0280619348874321,0.0279590530397142,331.45473740790436,1209.8179056130537,1407946.647277099,10.0,35000,0.78,25000,385.30724019354915,1378.7549069166323,3785088.9002658506,15.0,0.0,0.0,120000,360.66409128335886,1264.8492068165715,2501693.7385037267,10.0,15000,0.55,120000,336.3552351979126,1283.7617017842983,1530217.231346231,10.0,35000,0.78,120000
62,62,-0.0278886715637645,-0.0471917597934535,-0.0089927700847474,0.008828021235045,-0.0034889584895369,-0.0263292608017552,-0.0138968410752799,0.0459151807276881,-0.0142777308550688,0.0431979402130142,332.191631498286,1205.1483355195448,1286239.0818309502,10.0,35000,0.78,25000,384.2300753201422,1345.9757385753924,3429817.4776411303,15.0,0.0,0.0,120000,359.2807537287539,1222.5495348348768,2266863.653716126,10.0,15000,0.55,120000,335.89921627820496,1262.6606359971252,1366536.1707981548,10.0,35000,0.78,120000
63,63,-0.0294623508336099,-0.0274580664724939,-0.0255184853636005,-0.0302981618730453,-0.0430243492361569,-0.0156874258328916,-0.0228376528143337,-0.0427132581963117,-0.0488868603413758,0.0001345434519443,342.3437449312577,1205.7982622085735,1459045.6167279151,10.0,35000,0.78,25000,389.1907979574388,1347.5092387714283,3570999.5607399354,15.0,0.0,0.0,120000,364.9309436634984,1220.1656167779333,2292811.715977442,10.0,15000,0.55,120000,340.58745976226885,1193.94211401645,1421393.2596644454,10.0,35000,0.78,120000
64,64,-0.0043697157342382,-0.0082406972736853,-0.0010244818549116,-0.009387628120353,-0.0333109488866876,-0.0130865002436998,-0.0060022500624698,0.0264853706578836,-0.0068386436996821,-0.0060296072891286,339.30699707981404,1158.6491600382615,1318557.336521311,10.0,35000,0.78,25000,388.4183077785591,1310.7341679360077,3312378.6274378877,15.0,0.0,0.0,120000,364.14439371085484,1193.6136943369231,2154096.979378134,10.0,15000,0.55,120000,339.9418438446231,1164.6646135538367,1333999.2949468107,10.0,35000,0.78,120000
65,65,-0.0152006777787766,-0.0371165079051069,-0.0203358064044279,-0.0053901266906884,-0.0469263905648159,0.0225215748612723,-0.019926672335572,0.0207010563488811,-0.0162951601254415,0.0106030599322521,335.83323950831823,1205.6170545274108,1313452.6005461435,10.0,35000,0.78,25000,386.55402757805393,1366.7349538470621,3363701.837535676,15.0,0.0,0.0,120000,362.19763347026696,1245.8162397927588,2195732.170242812,10.0,15000,0.55,120000,337.1648170590579,1221.607716293379,1355052.6259823865,10.0,35000,0.78,120000
66,66,-0.0096374125253775,-0.0115092460497374,-0.0180937968409697,-0.0076678492729886,-0.0091709634692728,0.0254258886818867,-0.0369037158029881,0.0070012566299332,-0.0251481810285055,0.0045920580488687,337.8046936939349,1184.3576474229228,1352251.7407378803,10.0,35000,0.78,25000,387.98997952368177,1342.1276377459803,3450226.7475760086,15.0,0.0,0.0,120000,363.63035108286147,1223.1015845207303,2250378.8941847356,10.0,15000,0.55,120000,339.1781710986677,1200.5423919284638,1391915.4475918785,10.0,35000,0.78,120000
67,67,-0.0410684106390148,0.0135401024563015,-0.0274987900186314,0.0150392951919034,-0.0222976064202066,0.0112861047256625,-0.0074576493801427,0.0135030834038696,-0.0420671834566565,0.0326346215368008,335.42385774523956,1193.2775711057805,1381546.846052232,10.0,35000,0.78,25000,389.72722614725456,1356.4058992589303,3757409.477144865,15.0,0.0,0.0,120000,364.83371946266635,1241.241031057436,2491613.799396437,10.0,15000,0.55,120000,342.24199539118854,1282.8987172490984,1521512.4396917466,10.0,35000,0.78,120000
68,68,-0.0180335833344238,-0.020561583230151,-0.0325088343904999,0.0120373760667998,-0.0373172701324759,0.0097253660300968,-0.0332101908857526,0.0390407907271554,-0.0478759815607874,-0.0375408566369449,334.61561683451254,1262.0255720513026,1271394.3970024034,10.0,35000,0.78,25000,388.57414501476654,1449.092256162291,3388663.011803139,15.0,0.0,0.0,120000,363.8552482966147,1331.4884923431084,2239815.665994067,10.0,15000,0.55,120000,339.0715247471136,1312.406367844,1391139.8867968332,10.0,35000,0.78,120000
69,69,-0.0201422704375559,-0.0299175974390184,-0.0366175485584403,0.0217397258155866,-0.0084545324072114,0.0175763663557719,-0.0493711589747089,0.0254092552058362,-0.0078267196045047,-0.0242993832915148,332.3371811622408,1234.319521005139,1270648.8108011691,10.0,35000,0.78,25000,387.33117234064554,1419.504675526392,3432423.793686201,15.0,0.0,0.0,120000,362.4025022507956,1306.6846291060272,2278965.37023818,10.0,15000,0.55,120000,337.26233320170365,1292.9162791087058,1409551.497597907,10.0,35000,0.78,120000
70,70,-0.0256206860308133,0.021742006122265,-0.0465777207820417,0.0061005485077673,-0.041141623466625,0.0031508084844684,-0.0168959872125706,0.0042161758906242,-0.0237191931292921,-0.0404762573085867,340.6639498112022,1223.2583607484696,1343213.0878391557,10.0,35000,0.78,25000,393.2358842460166,1404.4426823767244,3527427.2438616394,15.0,0.0,0.0,120000,368.4655311622629,1283.9258937012712,2323369.6581258583,10.0,15000,0.55,120000,344.89191770474457,1260.914451298453,1447093.7889991594,10.0,35000,0.78,120000
71,71,-0.0214973508744675,-0.0329396779815832,-0.0489073192215589,-0.0403220431753753,-0.0118937949181146,-0.0197481434759628,-0.0177810853668687,-0.0081018941573145,-0.033826461063282,0.0480446505718121,340.596262548889,1180.2690963982236,1448388.6418837751,10.0,35000,0.78,25000,385.35472363900215,1279.8093533768338,3534914.620219808,15.0,0.0,0.0,120000,361.5316260873788,1146.2827758311191,2258433.992415139,10.0,15000,0.55,120000,337.311848800062,1145.7216805168127,1385662.4752717174,10.0,35000,0.78,120000
72,72,-0.03825636603215,0.0248536220057057,-0.017517921375709,-0.0331678196178633,-0.026551501342065,0.0051671367253561,-0.0006230333057524,-0.0250655304339183,-0.0377275589212058,0.0024839121987428,348.3589002475583,1147.9822324062195,1477399.9377122838,10.0,35000,0.78,25000,393.91349445029726,1280.6338824295212,3569119.961497166,15.0,0.0,0.0,120000,369.8794348141056,1157.7203227950533,2291749.415195095,10.0,15000,0.55,120000,346.554319150594,1130.8464632814341,1428032.5970743652,10.0,35000,0.78,120000
73,73,-0.0086562849745142,0.02835923161394,-0.0080558001841246,-0.0447076035023919,-0.0100302642254132,-0.0089585517804879,-0.0321035102707624,-0.0063020715687836,-0.001197062888589,0.0375833903669308,351.4362125883133,1129.6237889194974,1433644.7841546568,10.0,35000,0.78,25000,393.2295845708196,1255.605584938866,3329656.664937894,15.0,0.0,0.0,120000,369.36434251607,1131.5301406728765,2114498.900881789,10.0,15000,0.55,120000,346.75576788541076,1095.963691765176,1313851.4875382432,10.0,35000,0.78,120000
74,74,-0.0075008303538374,-0.0356896562967989,-0.0004313822818704,0.0051990135499904,-0.0407540836779064,-0.0311916016052057,-0.0066665470805053,0.0285686729798535,-0.0463902905687632,0.046158796293785,331.74973332885,1217.1089531238852,1328077.4996998834,10.0,35000,0.78,25000,383.6214526600984,1362.3658298177336,3534357.9741393332,15.0,0.0,0.0,120000,358.95920844514444,1236.1634241228712,2328632.395735637,10.0,15000,0.55,120000,335.6738697973503,1274.5445140932347,1413359.3437096546,10.0,35000,0.78,120000
75,75,-0.0356301742717076,0.0161420076472258,-0.0276212414265141,-0.0415838907204408,-0.0318416291788294,-0.0077826023003707,-0.0216653678710274,-0.0499303846175891,-0.0445242846449234,-0.0254607696052395,352.35311091007605,1195.8723443940025,1486764.3570411575,10.0,35000,0.78,25000,395.3771467506,1332.2009320030782,3521497.8089157618,15.0,0.0,0.0,120000,371.1708462235112,1202.7464619485213,2243426.5789339594,10.0,15000,0.55,120000,348.63430954267307,1170.328622717088,1395927.254627722,10.0,35000,0.78,120000
76,76,-0.0133557790207983,-0.0133203632092459,-0.0390236870100027,-0.0013105642973108,-0.0304594115967653,0.0211925921745431,-0.0020941609874056,-0.0310312835129016,-0.0230553147337811,0.0143798507133717,334.21218672684313,1173.2461162168595,1442551.5786699317,10.0,35000,0.78,25000,385.7639589930756,1321.8610422936201,3768030.571805927,15.0,0.0,0.0,120000,361.52673497626444,1205.9295485958664,2471742.9480112814,10.0,15000,0.55,120000,337.26056208648237,1214.7735199684284,1518458.5206334477,10.0,35000,0.78,120000
77,77,-0.0441208194543695,-0.0248553696403445,-0.037295097691383,0.0005204517335281,-0.0230023706964559,-0.0394826955674739,-0.0258095595432134,-0.0381627434861049,-0.0383864686940676,-0.0288554915417905,337.27502111058345,1225.8192719398605,1417075.5588941688,10.0,35000,0.78,25000,389.08458652876124,1382.0755921958503,3711856.3339543594,15.0,0.0,0.0,120000,364.48771499178315,1262.4458811193224,2436086.4855088308,10.0,15000,0.55,120000,340.7810659840332,1272.0190671598687,1494903.5627689979,10.0,35000,0.78,120000
78,78,-0.015627131741877,0.0148649650552778,-0.0312272287151493,0.0135172604365333,-0.0059923247668088,0.0153107711370886,-0.00540657967291,-0.0093183991178284,-0.0168996067611207,0.0333992660811373,334.1230352798742,1160.674918155689,1415251.5996512598,10.0,35000,0.78,25000,387.2293418123414,1312.467673094688,3818054.098915524,15.0,0.0,0.0,120000,362.71088298067656,1200.2326899747654,2530234.4856364387,10.0,15000,0.55,120000,339.9566246828627,1237.3439617715899,1541785.3450277897,10.0,35000,0.78,120000
79,79,-0.0246081778476127,-0.0375312208750313,-0.0196588178171817,0.0083375132855357,-0.0165149173850498,-0.0206771829243257,-0.0300095170739087,0.0448345122424182,-0.0428625916604254,-0.0007080912356835,332.62936666519585,1226.5651729699064,1285882.0638813714,10.0,35000,0.78,25000,385.59824850614467,1389.2783304896138,3421642.817081819,15.0,0.0,0.0,120000,361.0451117179619,1271.3275203234257,2253099.860713038,10.0,15000,0.55,120000,336.7575109494132,1288.879369852505,1380593.9330619515,10.0,35000,0.78,120000
80,80,-0.0363692901932286,0.008946277463096,-0.0339450097285588,-0.0384750644384227,-0.0285630131708733,-0.0317149749291644,-0.0338465477134648,0.0428270560635579,-0.009753646350791,-0.0369917744759287,355.21006929020695,1229.8334377740582,1287783.5714963076,10.0,35000,0.78,25000,396.9833474122081,1369.107217802829,3044057.728121631,15.0,0.0,0.0,120000,372.4095079447962,1236.8285180316686,1939496.111026795,10.0,15000,0.55,120000,350.70141043037466,1202.5228261899879,1204354.963836416,10.0,35000,0.78,120000
81,81,-0.0435020038023666,-0.042013263841518,-0.0294965422909652,-0.0024677110673073,-0.0400634549877592,-0.0371178417598032,-0.0399401901500638,-0.0455362004131113,-0.0493108960149303,0.0187268128084991,335.6779008764714,1250.5631942601356,1431064.7618775752,10.0,35000,0.78,25000,387.4417468004849,1405.5457833849575,3754413.1626441963,15.0,0.0,0.0,120000,362.692402266459,1280.8149839410755,2459908.70748708,10.0,15000,0.55,120000,338.8144773872657,1297.811676972344,1505555.876715214,10.0,35000,0.78,120000
82,82,-0.045525259848186,-0.0104756540871126,-0.0226473775966013,0.0110691031626717,-0.0184181225884213,-0.0412145284351314,-0.0497978568873428,0.0017687194603131,-0.0229369442489519,-0.0082536645065618,338.11355827052444,1227.0178480993334,1332263.1218187779,10.0,35000,0.78,25000,391.55837576570894,1407.7118184748037,3527582.7934935587,15.0,0.0,0.0,120000,366.6053755653535,1289.779734892588,2326600.4125760803,10.0,15000,0.55,120000,342.7480693497512,1279.8706599922696,1439697.239510846,10.0,35000,0.78,120000
83,83,-0.0328053850666177,0.0191571673279283,-0.0461980832500296,-0.0273420966108798,-0.0043628848173577,-0.0096535502362555,-0.0363792111185923,-0.0239834170759929,-0.0042096361939504,0.0284854169481144,346.0477578743083,1155.999898572512,1454260.259910309,10.0,35000,0.78,25000,392.86511283951694,1294.4571958703675,3566174.3849158827,15.0,0.0,0.0,120000,368.6741496401396,1173.5018023529547,2296056.3528760336,10.0,15000,0.55,120000,345.21850296962594,1146.5627521364092,1428062.9873691755,10.0,35000,0.78,120000
84,84,-0.0460062349389706,0.0029631771549516,-0.0122601150335229,0.0016736308557115,-0.0140470359815446,-0.0403117251373403,-0.0376975036200202,0.0333174184017907,-0.017074687078184,-0.016961549629541,342.3890554805479,1206.4882228972033,1292483.982231596,10.0,35000,0.78,25000,393.73111318067964,1376.1909469132095,3340641.929723468,15.0,0.0,0.0,120000,368.76573008616253,1257.4146932359383,2189863.4605534305,10.0,15000,0.55,120000,345.04886378378654,1229.7893632980174,1360695.2164984557,10.0,35000,0.78,120000
85,85,-0.0195892208809109,-0.0261596335943195,-0.0144294914302788,-0.0035300661953135,-0.0171060737037616,-0.0255758407105398,-0.0123667474522814,0.0351216342661892,-0.0111895263475186,-0.0295170194868494,337.3359311991297,1177.7844156888548,1294237.7333710482,10.0,35000,0.78,25000,387.86761925405887,1337.7730263920619,3298090.578597915,15.0,0.0,0.0,120000,363.3585531197322,1218.4862278964545,2154905.5032899175,10.0,15000,0.55,120000,338.835182669825,1197.3163285854703,1332410.0034253655,10.0,35000,0.78,120000
86,86,-0.0448708582052598,0.0006150912186777,-0.005891480065013,-0.0312559470549132,-0.0420523075484023,0.0068768213672975,-0.0059327862696605,-0.0077980974358183,-0.0085499312385803,-0.0392043973670814,352.5156800338051,1191.4775419447997,1363949.0132225987,10.0,35000,0.78,25000,395.8810754051732,1332.1519390794786,3252044.3566080993,15.0,0.0,0.0,120000,371.3276271302283,1205.83528626559,2082562.070291977,10.0,15000,0.55,120000,348.8884924958818,1168.486610440861,1291510.0126833604,10.0,35000,0.78,120000
87,87,-0.0308718001825538,-0.0444185120756655,-0.0104896123168536,0.0184982842557154,-0.0023596562668454,0.0260899431292095,-0.034697314944075,-0.0393191324885996,-0.0103043705644491,0.0064190106262519,330.8830484354646,1190.730306776638,1392840.0748637673,10.0,35000,0.78,25000,384.96728287840835,1356.6629654649118,3738965.3073289637,15.0,0.0,0.0,120000,360.2437015959233,1245.262590011105,2474785.920497397,10.0,15000,0.55,120000,335.53008034657523,1263.2182978791511,1510276.935588411,10.0,35000,0.78,120000
88,88,-0.0272045699888124,-0.0416814198046941,-0.0404676906847832,-0.0103741122053012,-0.0015983710903753,-0.0023017647863064,-0.0446970534912965,0.0088688913069737,-0.0060814357502772,-0.0386845620733936,338.66566773122105,1216.276743768184,1311473.7401840594,10.0,35000,0.78,25000,388.30116094858204,1375.255547095317,3312155.3774322225,15.0,0.0,0.0,120000,363.71876880690996,1252.6924245064777,2153223.428561024,10.0,15000,0.55,120000,339.0801662511361,1224.882492433656,1330943.2786806575,10.0,35000,0.78,120000
89,89,-0.0416697388771044,-0.0067639187134846,-0.0021217983726792,0.0131208603959161,-0.0298767522815001,-0.0147048288415342,-0.0046390566784357,0.0127979118983545,-0.0105928830674355,0.0014779876986334,336.97671371666837,1172.3411006460608,1337345.6071472422,10.0,35000,0.78,25000,390.0080673761539,1336.1285854667456,3535852.019808288,15.0,0.0,0.0,120000,365.25618332998994,1223.8076105511363,2332606.2710088524,10.0,15000,0.55,120000,341.4314609298793,1225.230537043032,1435987.0217313832,10.0,35000,0.78,120000
90,90,-0.0217342083206233,-0.0430075518718836,-0.0075225865584947,-0.013585193072261,-0.0499796661738178,-0.0153220153606021,-0.0342477532783143,-0.0241106920740296,-0.0256262181452748,-0.0322947739495745,340.5628373369264,1239.9846368498459,1347064.4354936795,10.0,35000,0.78,25000,389.144986387594,1401.7929593432668,3366521.1774959434,15.0,0.0,0.0,120000,364.3762179572413,1274.149555211846,2182094.6109028244,10.0,15000,0.55,120000,340.20038305207964,1241.2751138042556,1349791.3502640787,10.0,35000,0.78,120000
91,91,-0.0483824017763036,-0.0467013686378117,-0.0334508209267832,-0.0067876548866006,-0.0164911833415522,-0.0179623993062143,-0.0325359110702514,-0.0121377935359278,-0.004652233263238,-0.0265528982540644,338.4857557786983,1208.4890557401752,1349043.3829389864,10.0,35000,0.78,25000,388.9080394487801,1366.2920714906272,3436706.1668537855,15.0,0.0,0.0,120000,364.25721506974895,1244.8076538143525,2237218.606097093,10.0,15000,0.55,120000,339.36019847252516,1222.354196428389,1381322.9827578503,10.0,35000,0.78,120000
92,92,-0.0080484889443527,-0.0218766375662417,-0.0408083780895386,-0.0344338915218417,-0.0240826556616836,-0.0134026043795201,-0.0430801560124911,0.0361480668422052,-0.0247921139300306,0.0402648705724803,341.8403604432008,1191.6798647478856,1342686.107413831,10.0,35000,0.78,25000,387.66131463181756,1332.644824853526,3259356.785630973,15.0,0.0,0.0,120000,363.8204405328357,1203.8160459683197,2087032.466758354,10.0,15000,0.55,120000,339.51190132943316,1174.1591613791527,1293655.1462125094,10.0,35000,0.78,120000
93,93,-0.029648016431455,-0.0406970021096706,-0.0032024274822132,0.0189919880226047,-0.0388861764938372,-0.0117654508220112,-0.023470769428369,0.0108793446625563,-0.0394480610412118,-0.0421003956456498,332.88860159433347,1242.3496118128455,1292145.39206894,10.0,35000,0.78,25000,387.4849588948541,1426.3353000138582,3464102.7461838834,15.0,0.0,0.0,120000,362.32866512454405,1311.6025354641945,2291494.191390734,10.0,15000,0.55,120000,337.4843912187487,1298.9277362946311,1419055.6249012495,10.0,35000,0.78,120000
94,94,-0.0346322699055756,-0.0178771828288543,-0.049589746036173,-0.0423308543450479,-0.021224929649972,0.0082037928215814,-0.0373551226006679,-0.0168513346494022,-0.0034372875699277,-0.0433393221457365,351.86223086736504,1222.2148517312087,1374993.5050704824,10.0,35000,0.78,25000,393.80641822108345,1356.7444299590163,3228391.4217629577,15.0,0.0,0.0,120000,369.4735164402405,1226.7189031736852,2049749.2184794785,10.0,15000,0.55,120000,346.73218032639426,1190.9912582214654,1269169.1416980205,10.0,35000,0.78,120000
95,95,-0.0037654251971439,0.0058012748769074,-0.012622398250775,0.0162709967497184,-0.0459700095054037,0.0268896089371155,-0.0418886793566638,0.0214823384787122,-0.0437453039577559,0.0394702543338175,333.8870284880589,1226.197554571303,1323668.5354546662,10.0,35000,0.78,25000,388.27376234541464,1413.7691565830137,3574422.045875684,15.0,0.0,0.0,120000,363.64970021484265,1298.3369447231307,2365854.704616362,10.0,15000,0.55,120000,339.02126484673846,1285.7764186876286,1470513.8987455133,10.0,35000,0.78,120000
96,96,-0.0322682840067885,-0.0231476504677581,-0.019065877416446,-0.0453005310822948,-0.0049761248579228,0.0184143753923309,-0.0254766027624525,-0.0151635768777101,-0.0152772082760199,0.0357922827466484,345.6476867212973,1144.0733281435039,1446617.5992653917,10.0,35000,0.78,25000,389.07110981315714,1261.4492114788538,3400255.7608319605,15.0,0.0,0.0,120000,365.4955508862326,1133.8260282822891,2158793.6718635415,10.0,15000,0.55,120000,341.15608013828563,1104.6986259914518,1334025.1050598233,10.0,35000,0.78,120000
97,97,-0.0191265923030633,0.021175956336991,-0.0155594766553701,-0.0211334787261033,-0.0206607664957411,-0.0336865033695316,-0.0147325070659946,-0.0114004512452452,-0.011765943045673,-0.0351872389446153,347.24715214485224,1166.142590347782,1389653.9071408252,10.0,35000,0.78,25000,393.6832995892452,1312.7128462151043,3399259.668054127,15.0,0.0,0.0,120000,369.37297912828546,1191.6712537911599,2197864.7856448456,10.0,15000,0.55,120000,346.4198921352537,1158.981956405529,1366458.7645681521,10.0,35000,0.78,120000
98,98,-0.0174943019492597,-0.029054646294963,-0.0478708073163657,-0.0223750074376111,-0.0225764385610631,-0.0067365326866188,-0.0441706935336908,0.009949893310303,-0.0241712018384053,-0.0447944570304958,342.6544184736532,1242.8578897549357,1318832.8715168587,10.0,35000,0.78,25000,390.0018582472193,1400.7368685221948,3256916.611001247,15.0,0.0,0.0,120000,365.5000575251519,1272.397532172869,2101333.3358991016,10.0,15000,0.55,120000,341.6334515386587,1239.4407436299557,1304067.1744382249,10.0,35000,0.78,120000
99,99,-0.0318113543724941,-0.0170006708677958,-0.0038968176919311,-0.0469695636888644,-0.0154618916580465,-0.0183503916823363,-0.008819506824632,0.0379976912274132,-0.0414966842492055,-0.0342808963859641,350.1629563131359,1174.4380627193386,1340146.4008963567,10.0,35000,0.78,25000,392.09544518525735,1301.8227667018994,3104326.755143107,15.0,0.0,0.0,120000,368.09842403458333,1171.4736217651082,1967628.9924752167,10.0,15000,0.55,120000,344.66546728800034,1136.7437326601587,1219919.009857342,10.0,35000,0.78,120000
