,sample_id,deg_CmpBst_s_mapEff_in,deg_CmpBst_s_mapWc_in,deg_CmpFan_s_mapEff_in,deg_CmpFan_s_mapWc_in,deg_CmpH_s_mapEff_in,deg_CmpH_s_mapWc_in,deg_TrbH_s_mapEff_in,deg_TrbH_s_mapWc_in,deg_TrbL_s_mapEff_in,deg_TrbL_s_mapWc_in,CRUISE_DECKSMRHPC_Tin,CRUISE_DECKSMRLPT_Tin,CRUISE_DECKSMRHPC_Pout_st,CRUISE_DTAMB,CRUISE_ALT,CRUISE_MACH,CRUISE_COMMAND,TAKEOFF_DECKSMRHPC_Tin,TAKEOFF_DECKSMRLPT_Tin,TAKEOFF_DECKSMRHPC_Pout_st,TAKEOFF_DTAMB,TAKEOFF_ALT,TAKEOFF_MACH,TAKEOFF_COMMAND,CLIMB1_DECKSMRHPC_Tin,CLIMB1_DECKSMRLPT_Tin,CLIMB1_DECKSMRHPC_Pout_st,CLIMB1_DTAMB,CLIMB1_ALT,CLIMB1_MACH,CLIMB1_COMMAND,CLIMB2_DECKSMRHPC_Tin,CLIMB2_DECKSMRLPT_Tin,CLIMB2_DECKSMRHPC_Pout_st,CLIMB2_DTAMB,CLIMB2_ALT,CLIMB2_MACH,CLIMB2_COMMAND
0,0,-0.030386978024277984,0.001648897248198368,-0.048429298959955694,-0.02015789442324749,-0.047547088673943826,-0.028380497881309405,-0.020380569850995178,-0.043786064305276956,-0.026064056816337774,-0.017450385937895573,344.207358,1210.10833,1447792.06,10.0,35000,0.78,25000,392.344026,1364.79182,3611840.89,15.0,0.0,0.0,120000,367.95219,1240.34174,2336679.49,10.0,15000,0.55,120000,344.39792,1212.40849,1453134.61,10.0,35000,0.78,120000
1,1,-0.031185399012116293,0.025258588008921126,-0.03882193256004034,0.01734179070938334,-0.03072170709941367,0.016218209022572178,-0.03077729239350792,-0.018063817256104175,-0.019413815585996294,0.021368335600877947,336.915682,1197.86824,1400927.8,10.0,35000,0.78,25000,391.633121,1380.39689,3786613.28,15.0,0.0,0.0,120000,366.885837,1268.79319,2510064.71,10.0,15000,0.55,120000,343.039933,1264.85236,1558941.81,10.0,35000,0.78,120000
2,2,-0.002379043870042688,-0.027883620774503896,-0.04448534901219745,-0.04911449689705776,-0.048889191748536884,-0.016555710966281577,-0.04623336050186352,0.04895619623421277,-0.035077144746033774,0.015316951046757551,347.335679,1240.38344,1305340.49,10.0,35000,0.78,25000,389.508081,1379.19415,3056822.61,15.0,0.0,0.0,120000,365.564913,1242.44306,1931261.47,10.0,15000,0.55,120000,342.139655,1205.3279,1196709.17,10.0,35000,0.78,120000
3,3,-0.00587238107795391,0.023625992214052635,-0.04566291267906908,-0.0166963677648279,-0.031234777905637907,0.013048422912732574,-0.02956496075266774,-0.03547570492622594,-0.049613454674525444,-0.0016698139946825091,341.479824,1201.15183,1460307.2,10.0,35000,0.78,25000,390.889761,1360.4231,3699708.21,15.0,0.0,0.0,120000,366.739484,1238.17498,2401608.13,10.0,15000,0.55,120000,342.968301,1213.636,1498522.98,10.0,35000,0.78,120000
4,4,-0.004718575959436165,-0.004266142556846271,-0.04735013255100113,-0.03744989331310564,-0.0079161299006976,0.005356188514002554,-0.04219373918951509,-0.048288328103930245,-0.04184124775198749,-0.018139752483609314,344.575697,1194.34236,1477910.2,10.0,35000,0.78,25000,389.643387,1333.98908,3555880.95,15.0,0.0,0.0,120000,365.747881,1205.53055,2272243.74,10.0,15000,0.55,120000,342.019341,1174.63079,1413266.94,10.0,35000,0.78,120000
5,5,-0.042099954101237555,-0.022005889815800806,-0.04939346218875107,-0.016131880685273624,-0.03785258268931317,-0.023424583224817577,-0.01322945788776917,0.016431258804047097,-0.03306989849906383,0.009885469926464031,339.498056,1206.57795,1369457.75,10.0,35000,0.78,25000,389.13033,1353.76422,3478271.56,15.0,0.0,0.0,120000,364.794393,1229.1377,2258251.69,10.0,15000,0.55,120000,340.490286,1221.81822,1395337.84,10.0,35000,0.78,120000
6,6,-0.03983420148089524,0.0120231230350855,-0.010782618053240593,0.005388000914067166,-0.019317359160000293,-0.0224428635205264,-0.03177960358037271,0.0066960499019373815,-0.04701540891728397,-0.0024367173892323596,339.363428,1202.77534,1363920.49,10.0,35000,0.78,25000,392.154852,1374.83953,3584903.58,15.0,0.0,0.0,120000,367.44735,1258.43305,2358872.81,10.0,15000,0.55,120000,343.759501,1250.03843,1463826.5,10.0,35000,0.78,120000
7,7,-0.018607292336409766,0.007273177085020288,-0.0009267015366340864,0.02261284841130773,-0.019529151370844534,-0.010225107113617599,-0.015646796878883346,0.0273380834852731,-0.037278516076170644,-0.01478389820910641,334.110368,1189.89962,1314619.67,10.0,35000,0.78,25000,388.967184,1369.15759,3555007.84,15.0,0.0,0.0,120000,364.179557,1259.58741,2362016.64,10.0,15000,0.55,120000,340.568881,1267.10409,1456129.97,10.0,35000,0.78,120000
8,8,-0.011332156770163693,0.006474890510847944,-0.017407010192333018,-0.00373357833592617,-0.02551135603656693,-0.0012720382886205195,-0.01536117967529823,0.038538122769748606,-0.034080635889516805,-0.041501044775103364,340.41957,1203.39361,1295153.81,10.0,35000,0.78,25000,390.963757,1370.1632,3315074.89,15.0,0.0,0.0,120000,366.369231,1250.78802,2167103.66,10.0,15000,0.55,120000,342.607287,1222.29056,1347635.42,10.0,35000,0.78,120000
9,9,-0.012076156051356583,-0.016157056300062186,-0.028723078137787017,-0.019104816980877185,-0.0011507560445739376,0.02389577392550489,-0.0281809063052767,0.002912350080683898,-0.008059002951060254,-0.021961897664549514,340.919001,1171.07451,1356974.92,10.0,35000,0.78,25000,388.728633,1318.21067,3356102.21,15.0,0.0,0.0,120000,364.484354,1196.44048,2170442.12,10.0,15000,0.55,120000,340.236684,1167.40036,1344608.33,10.0,35000,0.78,120000
10,10,-0.00045429034535380414,-0.0185597657070486,-0.006632934980729761,-0.03397534110187818,-0.043889375451982904,0.0014264878486727958,-0.045724680751071896,0.04672775843815484,-0.02954819548107675,0.01609739760345616,345.862044,1224.82291,1284014.57,10.0,35000,0.78,25000,390.035683,1371.87581,3078754.91,15.0,0.0,0.0,120000,365.844691,1241.44339,1966374.41,10.0,15000,0.55,120000,342.526907,1203.92534,1218067.65,10.0,35000,0.78,120000
11,11,-0.03772788814491681,-0.014161890691836189,-0.015152978312075328,0.02313662434484648,-0.03658838639146962,0.0005147085727261053,-0.04837925976491761,0.04728053704404907,-0.019716046519887554,-0.005627308840702436,335.975536,1255.25346,1239041.14,10.0,35000,0.78,25000,391.253761,1450.10552,3353821.41,15.0,0.0,0.0,120000,366.041393,1334.43296,2225861.25,10.0,15000,0.55,120000,341.659253,1313.36755,1381836.28,10.0,35000,0.78,120000
12,12,-0.010792048984456362,0.018280122718756148,-0.02804222216056995,0.028867354078263505,-0.04402080708693095,-0.04799519265539562,-0.0351649306061664,-0.02114452418886605,-0.013051701483861276,0.030412355427822294,333.710582,1215.74634,1381132.92,10.0,35000,0.78,25000,389.311065,1398.8982,3817187.49,15.0,0.0,0.0,120000,364.426157,1288.09921,2546878.47,10.0,15000,0.55,120000,342.071246,1317.35132,1559160.43,10.0,35000,0.78,120000
13,13,-0.02208529648426845,-0.02434009609470144,-0.0377905305698502,-0.04947749584362787,-0.00629545774574071,0.02998175690317624,-0.017479279606620726,0.0035176965630571017,-0.0003913676136251404,0.005917270000077565,346.890474,1145.60184,1405431.26,10.0,35000,0.78,25000,389.254357,1263.97691,3251072.29,15.0,0.0,0.0,120000,365.544705,1135.72994,2056771.27,10.0,15000,0.55,120000,341.544266,1103.27992,1273691.78,10.0,35000,0.78,120000
14,14,-0.0007433291654190752,-0.008792565595483616,-0.00196891322748749,-0.039257382441900864,-0.018736744700528475,-0.023813580530473517,-0.019165784498671276,-0.04152067240247154,-0.027719455730152526,0.04497838792011968,342.647984,1134.59399,1501285.65,10.0,35000,0.78,25000,387.030693,1251.17776,3575126.44,15.0,0.0,0.0,120000,363.464898,1126.23309,2282615.25,10.0,15000,0.55,120000,339.108727,1101.20108,1414573.59,10.0,35000,0.78,120000
15,15,-0.048913145962097185,0.029283071382528197,-0.023070124544499304,-0.04324322891483124,-0.028054287870567726,-0.03853779207443185,-0.04064061689191951,0.02334057736530809,-0.021363497307143445,-0.04876864749191766,361.885798,1252.82262,1310886.66,10.0,35000,0.78,25000,401.130282,1385.66055,3064916.3,15.0,0.0,0.0,120000,376.450045,1250.53577,1946344.36,10.0,15000,0.55,120000,356.175665,1217.02581,1207996.78,10.0,35000,0.78,120000
16,16,-0.03505387047297795,-0.04593280947611009,-0.0046151069954474405,-0.027629930044940944,-0.023777426234695743,0.006503262172910043,-0.04391489487156621,-0.0348082514720643,-0.032158569446411364,-0.0049528993950697445,342.888258,1211.5117,1402050.2,10.0,35000,0.78,25000,389.129732,1355.5476,3412580.24,15.0,0.0,0.0,120000,364.77149,1227.77323,2191521.67,10.0,15000,0.55,120000,340.410677,1196.58299,1353614.76,10.0,35000,0.78,120000
17,17,-0.03414545891907006,-0.020012045703385373,-0.021127982545283804,-0.04674883485603917,-0.002582303908791009,0.02356407150448614,-0.04671754853000152,7.624435944167396e-06,-0.005445838633127462,-0.04574860801945695,354.537628,1216.25573,1336925.95,10.0,35000,0.78,25000,394.410874,1345.74241,3081608.77,15.0,0.0,0.0,120000,370.006218,1214.92865,1946995.26,10.0,15000,0.55,120000,347.770146,1176.64954,1203966.05,10.0,35000,0.78,120000
18,18,-0.022945396245439266,-0.04831475731175829,-0.013759429180193225,-0.047852743241464636,-0.014886006216055493,-0.027329329010534215,-0.003186828864436851,0.041905533331938485,-0.00937339480567452,-0.030262460515922865,346.113072,1157.90675,1318171.22,10.0,35000,0.78,25000,388.161197,1277.70671,3034453.05,15.0,0.0,0.0,120000,364.217367,1147.75724,1920389.66,10.0,15000,0.55,120000,339.898508,1112.80928,1186164.75,10.0,35000,0.78,120000
19,19,-0.046968406575266894,-0.03499277646000455,-0.04156137896620574,-0.012264890137699928,-0.012576642158312244,-0.03734341464652619,-0.026299691395760424,-0.004874562040837464,-0.03859821733285729,0.02568967632709991,337.813897,1223.47361,1395216.24,10.0,35000,0.78,25000,387.460746,1353.8326,3608848.14,15.0,0.0,0.0,120000,362.744252,1220.55817,2358369.03,10.0,15000,0.55,120000,339.500632,1250.90169,1433822.38,10.0,35000,0.78,120000
20,20,-0.028888702419120588,-0.002777461140848772,-0.042750370593101175,-0.004515118002040998,-0.0355069681438541,-0.040583724823999086,-0.047565911108893265,-0.03667765867361286,-0.007060916252314267,-0.01350632993162064,341.838796,1229.8767,1390802.67,10.0,35000,0.78,25000,392.330139,1398.91022,3566978.12,15.0,0.0,0.0,120000,367.582165,1277.17258,2329345.37,10.0,15000,0.55,120000,344.060192,1249.60697,1446681.21,10.0,35000,0.78,120000
21,21,-0.043347131217821445,0.01433510671262328,-0.044599887825830034,0.02695670037905419,-0.0448577035648079,0.021408812796867557,-6.552887577865318e-05,-0.0011237538036503458,-0.03296378127550326,0.03660242180617505,333.438179,1208.93363,1395859.43,10.0,35000,0.78,25000,389.654786,1389.03397,3892860.58,15.0,0.0,0.0,120000,364.778455,1279.09412,2599308.0,10.0,15000,0.55,120000,342.194062,1330.4349,1586403.93,10.0,35000,0.78,120000
22,22,-0.049150474345890476,0.009609132763718775,-0.007331432106381791,-0.04436449860563758,-0.034143223113441035,0.011660153256550378,-0.023512429745693134,-0.03255519804232683,-0.02681698755584054,-0.0031058974037507514,355.24369,1187.59336,1446042.75,10.0,35000,0.78,25000,396.649375,1317.63612,3375925.45,15.0,0.0,0.0,120000,372.462045,1189.18411,2142577.42,10.0,15000,0.55,120000,350.141709,1154.3243,1330239.15,10.0,35000,0.78,120000
23,23,-0.03707016979853196,0.002464708544546959,-0.013483115956071594,-0.0248768340425875,-0.03546651161080011,-0.04264348873249038,-0.016233690800777648,0.024215236550747823,-0.029008918391988495,0.04589085600323427,344.209859,1169.29578,1379063.75,10.0,35000,0.78,25000,391.270082,1304.66956,3410509.59,15.0,0.0,0.0,120000,367.162634,1180.80315,2199328.34,10.0,15000,0.55,120000,343.423705,1162.21072,1363092.14,10.0,35000,0.78,120000
24,24,-0.010414714307441363,0.02616254632933987,-0.043116320370983216,-0.01442461567247924,-0.011303007910350008,-0.025094191163020814,-0.011301553578669368,0.031587428430726316,-0.03468709202170359,-0.02742588208637351,341.898873,1172.47071,1355796.42,10.0,35000,0.78,25000,391.294831,1328.06454,3420414.19,15.0,0.0,0.0,120000,367.054248,1207.66868,2224396.14,10.0,15000,0.55,120000,343.311958,1183.80152,1387808.79,10.0,35000,0.78,120000
25,25,-0.04282596551278999,-0.013093992505401858,-0.01672694844103815,-0.03579827165036109,-0.007118331181498787,0.008603188575805241,-0.011908284381711959,-0.04010527807985413,-0.03003327942847759,0.020405566336243547,344.31155,1143.27889,1498371.51,10.0,35000,0.78,25000,389.858931,1263.67451,3607918.49,15.0,0.0,0.0,120000,366.013287,1138.95854,2311539.63,10.0,15000,0.55,120000,341.545853,1117.74645,1431023.52,10.0,35000,0.78,120000
26,26,-0.040573086622096355,0.010140268647634919,-0.014655167336962038,-0.010915097546376921,-0.033960485236243725,-0.04853242537818823,-0.03564236004116897,-0.022153613395192062,-0.02705774503183268,0.04797885198366357,342.733638,1188.75061,1429457.5,10.0,35000,0.78,25000,392.229052,1337.82827,3648208.23,15.0,0.0,0.0,120000,367.858244,1217.82699,2372798.1,10.0,15000,0.55,120000,344.614707,1208.13623,1467663.45,10.0,35000,0.78,120000
27,27,-0.0015276977045821302,-0.025339713176748685,-0.03502669096631359,0.023927084947111224,-0.017840357263399755,-0.04951490436546563,-0.022158995548476026,0.03449547376297778,-0.0029375024711173064,-0.04685113162682221,331.171083,1215.38216,1263375.02,10.0,35000,0.78,25000,385.764036,1392.89082,3416770.3,15.0,0.0,0.0,120000,360.916279,1281.94613,2270458.8,10.0,15000,0.55,120000,337.137281,1292.7286,1391941.39,10.0,35000,0.78,120000
28,28,-0.003021737531006395,0.0002548012723227813,-0.0221183724355522,0.02820048993933423,-0.013285616325871386,-0.004733009940562562,-0.0425246270599638,0.014626385861540428,-0.03576187647435882,0.011898328097096275,330.58455,1213.61812,1329601.51,10.0,35000,0.78,25000,386.388043,1399.11685,3671984.38,15.0,0.0,0.0,120000,361.678126,1290.22947,2447838.57,10.0,15000,0.55,120000,338.204123,1317.4363,1501918.89,10.0,35000,0.78,120000
29,29,-0.009416729276894284,0.017158430506827915,-0.002962420934509033,0.0003207094867360982,-0.015921787475798886,-0.045122122515142096,-0.010489785340293295,-0.03780202588027359,-0.015889738770385665,0.007357516724004455,338.740416,1150.21084,1445065.74,10.0,35000,0.78,25000,389.058328,1291.46017,3746138.32,15.0,0.0,0.0,120000,364.625614,1174.51876,2458588.49,10.0,15000,0.55,120000,341.84013,1182.89242,1507603.23,10.0,35000,0.78,120000
30,30,-0.014889498177289066,-0.011707641766730524,-0.03576803401797382,-0.023211378296152333,-0.04542878607206128,0.020029760507525182,-0.03919254474805018,0.0293604367287629,-0.022133231658750425,0.03186023158904604,342.504259,1216.79349,1326670.54,10.0,35000,0.78,25000,390.044276,1372.31297,3290030.91,15.0,0.0,0.0,120000,365.785051,1245.32538,2121109.82,10.0,15000,0.55,120000,341.930953,1213.96674,1316785.49,10.0,35000,0.78,120000
31,31,-0.026738938637011878,0.0048664885051240975,-0.02461628497026444,0.025705990551907892,-0.005183196224913124,-0.02146199645153004,-0.02768973203986347,-0.002685743345455946,-0.048148438237285644,-0.020948857926715345,333.166512,1218.87639,1363513.42,10.0,35000,0.78,25000,388.726275,1395.56496,3761504.1,15.0,0.0,0.0,120000,363.832523,1285.12123,2508588.55,10.0,15000,0.55,120000,341.122675,1323.56569,1533566.81,10.0,35000,0.78,120000
32,32,-0.03345817400976909,0.028815271657359934,-0.036164180602502344,0.01677165216813599,-0.04292428024438681,-0.030522069872448085,-0.020902195913973538,0.019467277723934265,-0.021816458814633812,-0.019288155614182463,339.452802,1219.27677,1322378.87,10.0,35000,0.78,25000,393.926214,1406.49223,3547395.25,15.0,0.0,0.0,120000,368.919345,1292.2397,2351245.99,10.0,15000,0.55,120000,345.466142,1275.69452,1466175.16,10.0,35000,0.78,120000
33,33,-0.03686744658115515,-0.01896192367450058,-0.03484739906440925,0.0037114247453392812,-0.04906605141865077,-9.150379243354212e-05,-0.009547547874114971,-0.014725715628271428,-0.036042246609411764,-0.04793593982270063,337.814248,1233.5538,1361986.29,10.0,35000,0.78,25000,390.370028,1407.87,3561755.6,15.0,0.0,0.0,120000,365.525937,1288.95745,2340926.27,10.0,15000,0.55,120000,341.01481,1268.35819,1452561.66,10.0,35000,0.78,120000
34,34,-0.0235687039650189,-0.04036710419672727,-0.00940044208804254,-0.007274945603573085,-0.006891312052314774,0.01896390812881353,-0.03897301353140867,0.005746616646160808,-0.031295037947679155,0.019904950802435595,335.073779,1190.85468,1352794.61,10.0,35000,0.78,25000,385.76131,1344.0489,3463354.81,15.0,0.0,0.0,120000,361.404523,1223.0407,2258391.64,10.0,15000,0.55,120000,336.203819,1210.13247,1391813.19,10.0,35000,0.78,120000
35,35,-0.02630808285001206,-0.034137033043274236,-0.02628247530573622,-0.04085794441122708,-0.027232992576490617,-0.0344181054204105,-0.045381961695003296,-0.02679924471651207,-0.017746076607787716,0.013400406558477379,346.127863,1197.68772,1416611.68,10.0,35000,0.78,25000,389.727664,1331.58741,3355266.71,15.0,0.0,0.0,120000,365.666936,1201.04122,2134653.24,10.0,15000,0.55,120000,341.801626,1168.22479,1319485.07,10.0,35000,0.78,120000
36,36,-0.014465618117845053,0.023504213129199106,-0.023558551782950056,-0.008470167209528617,-0.027828931642520264,-0.0359348866406323,-0.003887160708070922,0.022328768586691403,-0.01216681887916412,-0.011898366547361532,341.949373,1156.57242,1353552.33,10.0,35000,0.78,25000,391.619427,1312.87112,3422508.15,15.0,0.0,0.0,120000,367.238687,1194.99041,2231924.38,10.0,15000,0.55,120000,343.615623,1170.04073,1389717.94,10.0,35000,0.78,120000
37,37,-0.033881266073535324,0.012983572047271852,-0.005182096008886028,-0.02385155198416341,-0.0480788058243125,-0.028518226698033756,-0.00296806373168787,0.015562095962801253,-0.04569165991138871,-0.02272968570867738,347.465365,1193.52825,1362168.48,10.0,35000,0.78,25000,394.152836,1343.31378,3343107.16,15.0,0.0,0.0,120000,369.76001,1218.64237,2156579.57,10.0,15000,0.55,120000,346.631327,1186.78258,1342506.97,10.0,35000,0.78,120000
38,38,-0.006276496532626449,0.026851088010529225,-0.006390150746954697,-0.01518349565129963,-0.012188179736740419,0.024410694764060534,-0.009358880118001824,0.04004880533999616,-0.018559239288608524,0.00814946632080922,342.682362,1140.74756,1338388.38,10.0,35000,0.78,25000,391.039543,1289.00159,3338016.48,15.0,0.0,0.0,120000,366.885589,1170.80101,2166427.45,10.0,15000,0.55,120000,343.246873,1143.81817,1347247.79,10.0,35000,0.78,120000
39,39,-0.0498185369419956,-0.002897537342668094,-0.018794128999984613,0.029451122907915656,-0.0320061513429443,-0.0471634543694734,-0.040412699755598164,-0.01929535902534409,-0.020729274040899276,-0.009442314127067898,335.729866,1236.62336,1352813.01,10.0,35000,0.78,25000,391.814205,1423.68454,3721032.71,15.0,0.0,0.0,120000,366.574569,1312.73801,2481671.1,10.0,15000,0.55,120000,343.752257,1332.0479,1522957.98,10.0,35000,0.78,120000
40,40,-0.007150963695721248,0.019665246483587556,-0.043890647017715764,0.0075115292712031045,-0.04649851732891879,-0.0035033600194461917,-0.01864195421893202,0.017163103420339054,-0.00205320976593569,0.024000895269525757,337.136007,1185.59195,1345016.42,10.0,35000,0.78,25000,389.876516,1359.82726,3547821.95,15.0,0.0,0.0,120000,365.360479,1244.88555,2336752.47,10.0,15000,0.55,120000,341.30373,1227.32762,1453453.44,10.0,35000,0.78,120000
41,41,-0.02833284236805327,0.01107989998755296,-0.029545220363492067,0.019682373280882695,-0.010514499751602235,0.013807337553567084,-0.012571510937583318,-0.03077676794069222,-0.04059910211360645,-0.03191063822713089,334.449727,1189.65942,1421649.02,10.0,35000,0.78,25000,389.356092,1365.24734,3851670.24,15.0,0.0,0.0,120000,364.618188,1256.10006,2558660.72,10.0,15000,0.55,120000,341.064279,1273.03466,1575843.01,10.0,35000,0.78,120000
42,42,-0.04732813451966375,-0.03002893016839576,-0.04200271491706435,-0.03484132633361152,-0.03980296258882386,-0.004241185448687533,-0.024119276410313695,0.03015059115707694,-0.02852861597007663,-0.01580096385364168,347.013525,1225.81886,1324792.57,10.0,35000,0.78,25000,392.17965,1370.49565,3194650.33,15.0,0.0,0.0,120000,367.814364,1239.39171,2042539.31,10.0,15000,0.55,120000,344.018407,1206.60868,1266185.82,10.0,35000,0.78,120000
43,43,-0.012963897715086145,-0.049017686719283506,-0.025349060391989323,0.02052961582507569,-0.003520075649773531,-0.01096142568857525,-0.029062461839652824,-0.01350453099019299,-0.043372594064164424,-0.010630011844576404,328.261903,1239.67336,1357946.48,10.0,35000,0.78,25000,382.67582,1401.46675,3717993.92,15.0,0.0,0.0,120000,357.903941,1285.52112,2471154.28,10.0,15000,0.55,120000,334.201918,1336.20211,1496222.32,10.0,35000,0.78,120000
44,44,-0.01642556554988097,-0.04372417039395288,-0.016367310545967587,-0.03655443319269513,-0.0326353793756589,0.027832076242174958,-0.048990102392449345,-0.010611543605977068,-0.013527250157495653,-0.04961630896992754,348.561642,1256.02572,1315415.54,10.0,35000,0.78,25000,391.065158,1399.86593,3108551.27,15.0,0.0,0.0,120000,366.513753,1267.87139,1978100.92,10.0,15000,0.55,120000,343.475813,1228.15712,1221719.66,10.0,35000,0.78,120000
45,45,-0.03902117527579008,-0.0051073165690934536,-0.03835478914255031,0.009861497722861996,-0.0360458605029121,-0.01894682658310426,-0.0084900135897771,0.0495414393575415,-0.0318920404741707,0.04136359165789223,335.363998,1215.3033,1315566.06,10.0,35000,0.78,25000,388.662187,1374.06896,3547725.63,15.0,0.0,0.0,120000,363.857685,1253.48488,2346369.28,10.0,15000,0.55,120000,341.078549,1291.97457,1431090.42,10.0,35000,0.78,120000
46,46,-0.04778620657497932,-0.0005161042037320415,-0.030973012226779048,0.01055892589398822,-0.02028900860790377,-0.046559820755671256,-0.01082461657762266,0.04305940559030448,-0.04007421949496003,0.02649164726155305,337.083168,1226.64821,1320497.71,10.0,35000,0.78,25000,390.363106,1384.77217,3563642.4,15.0,0.0,0.0,120000,365.350267,1261.62872,2359807.68,10.0,15000,0.55,120000,343.105949,1303.36516,1438462.08,10.0,35000,0.78,120000
47,47,-0.040202017195370386,0.022420665016413904,-0.04105960876309887,-0.000507275687898219,-0.02163903777289063,0.0025562363169913394,-0.007713951606840672,-0.0006109875470366316,-0.001817314558709128,0.02358818910341444,340.350393,1153.24774,1405087.67,10.0,35000,0.78,25000,391.86579,1309.30919,3649428.44,15.0,0.0,0.0,120000,367.420856,1194.6834,2393061.9,10.0,15000,0.55,120000,343.840296,1190.25669,1480727.39,10.0,35000,0.78,120000
48,48,-0.01770439155471435,0.00822589717864243,-0.0342941531242045,0.02654636727094621,-0.00851802991713868,0.010465279964674515,-0.018237066337545085,-0.020225592868204214,-0.04678622896656106,-0.023565771900431923,331.775752,1205.2709,1401937.28,10.0,35000,0.78,25000,387.583684,1384.07062,3877023.43,15.0,0.0,0.0,120000,362.825058,1275.85564,2587365.57,10.0,15000,0.55,120000,339.739062,1314.68712,1583156.46,10.0,35000,0.78,120000
49,49,-0.016851001090555186,-0.033718358785760974,-0.039826216528260516,0.002547028678540765,-0.03839371611099298,-0.0008393155068797536,-0.03821570909758995,0.03237398751905894,-0.04518032866722513,-0.007512739244606756,333.954071,1252.36446,1296953.97,10.0,35000,0.78,25000,386.747915,1429.21586,3413600.76,15.0,0.0,0.0,120000,362.119321,1307.5358,2241058.63,10.0,15000,0.55,120000,337.044145,1293.03947,1389989.69,10.0,35000,0.78,120000
50,50,-0.045368352844241115,-0.009909122309378973,-0.020960528598647596,-0.02160290634014648,-0.04726013755737029,-0.03303989632861107,-0.031157225345872102,0.011162617637654935,-0.014747070823258712,0.034884143275664733,345.125304,1199.22897,1358592.13,10.0,35000,0.78,25000,392.619185,1350.28278,3365686.89,15.0,0.0,0.0,120000,368.180969,1225.00879,2172785.38,10.0,15000,0.55,120000,344.48212,1195.59235,1346910.93,10.0,35000,0.78,120000
51,51,-0.02503602957353647,-0.0018735945688315714,-0.011527783958453441,-0.028624489148906928,-0.0006670650202507747,0.004261604443846725,-0.004156946684900992,-0.027742692566725086,-0.03650734142178004,0.022172826575479324,341.659538,1136.10145,1482977.99,10.0,35000,0.78,25000,388.169893,1251.00936,3647919.92,15.0,0.0,0.0,120000,364.33814,1128.72475,2350233.7,10.0,15000,0.55,120000,340.139644,1120.52897,1451082.74,10.0,35000,0.78,120000
52,52,-0.013928274011787277,0.004102190741446757,-0.031576806449530315,-0.03208067232635607,-5.98362779324485e-05,-0.0054919354888626,-0.04147921459045049,-0.02999546447258364,-0.044386052445677296,0.038689038490079236,342.097351,1164.62229,1484187.29,10.0,35000,0.78,25000,388.84358,1298.39442,3636527.66,15.0,0.0,0.0,120000,365.090168,1173.03394,2336379.12,10.0,15000,0.55,120000,340.828073,1152.12329,1451658.74,10.0,35000,0.78,120000
53,53,-0.00534383252458305,-0.015364325092387207,-0.030193920847581827,0.0030872890923310664,-0.04150536382248784,-0.029367246126881793,-0.001762544151483629,0.0188362486957417,-0.03958295343393827,0.012163695709449765,333.531997,1205.8632,1352717.79,10.0,35000,0.78,25000,385.376109,1355.32853,3582287.3,15.0,0.0,0.0,120000,360.863834,1233.42354,2358778.09,10.0,15000,0.55,120000,337.559153,1261.81709,1439551.65,10.0,35000,0.78,120000
54,54,-0.0014945665013417972,-0.0072447755424227545,-0.009919534865440859,-0.01879225733146102,-0.024570797944284385,-0.03515859649060348,-0.014196286357920966,-0.04708004928364619,-0.003877665086397371,0.003566220972677406,340.314307,1142.59351,1458836.58,10.0,35000,0.78,25000,387.782876,1280.63595,3596592.35,15.0,0.0,0.0,120000,363.72887,1161.40115,2327336.95,10.0,15000,0.55,120000,339.564069,1137.10361,1441267.89,10.0,35000,0.78,120000
55,55,-0.006734663467095205,0.017879461620949402,-0.04509046332611544,-0.026725682897724975,-0.03902232454448714,-0.04298628182795497,-0.021146029665157263,-0.04449019754240159,-0.005793222586507399,0.04250671002414934,343.450922,1156.87588,1495380.66,10.0,35000,0.78,25000,390.164027,1294.55588,3678196.76,15.0,0.0,0.0,120000,366.264901,1172.00517,2369653.71,10.0,15000,0.55,120000,342.702734,1149.22637,1472927.57,10.0,35000,0.78,120000
56,56,-0.038542057667278445,-0.030994933963244573,-0.03242179419238127,-0.012910070960382769,-0.013824574525067135,-0.04573616260428109,-0.028881451509519762,-0.02805810848172145,-0.018183304192466304,0.04946047256473833,338.308971,1203.11573,1429594.95,10.0,35000,0.78,25000,387.200575,1328.58682,3674611.5,15.0,0.0,0.0,120000,362.504523,1195.16847,2400332.24,10.0,15000,0.55,120000,339.467499,1222.26775,1456215.23,10.0,35000,0.78,120000
57,57,-0.020669228241648664,-0.005875583098629754,-0.011241286254293645,-0.029814902071567506,-0.029426007758440585,0.014396166813677197,-0.0014547761219356747,-0.04658712394053698,-0.0009251371494168603,0.017659409204408477,343.898499,1129.51112,1481981.98,10.0,35000,0.78,25000,389.527563,1258.45579,3573222.27,15.0,0.0,0.0,120000,365.609026,1137.49177,2294849.53,10.0,15000,0.55,120000,341.50007,1109.91746,1420976.45,10.0,35000,0.78,120000
58,58,-0.011749408479265741,-0.049625128832803664,-0.026552489857948038,-0.017518842005361232,-0.026458668836275838,-0.0073046657922917965,-0.047088753291218484,-0.017338855635609607,-0.012595801504831354,-0.033024823131798574,339.5304,1231.21927,1338825.65,10.0,35000,0.78,25000,387.479178,1387.70756,3320479.87,15.0,0.0,0.0,120000,362.952024,1261.09524,2146621.47,10.0,15000,0.55,120000,338.519463,1228.59538,1326561.92,10.0,35000,0.78,120000
59,59,-0.024463730229252013,-0.0391585658626055,-0.02415376753621039,-0.025678781753246192,-0.02500365722814651,0.02897758231471935,-0.027351516732849447,-0.005633769773069265,-0.03099090297377127,-0.012620357709658046,340.847827,1202.34161,1370646.3,10.0,35000,0.78,25000,388.025676,1347.42338,3364839.41,15.0,0.0,0.0,120000,363.795724,1221.00705,2165811.84,10.0,15000,0.55,120000,339.178949,1192.28144,1339553.32,10.0,35000,0.78,120000
60,60,-0.0027387529368138666,-0.03860914605054721,-0.004451663935982023,0.024623443242625317,-0.009981605611774691,-0.044225604136590546,-0.02493340071913096,-0.003114104071183635,-0.020366206751496897,0.029559911300472627,328.9349,1222.47567,1336615.25,10.0,35000,0.78,25000,383.159839,1383.91058,3664011.67,15.0,0.0,0.0,120000,358.390923,1269.48087,2437193.39,10.0,15000,0.55,120000,335.211884,1315.3419,1473257.16,10.0,35000,0.78,120000
61,61,-0.023276551901205634,-0.03212328192758589,-0.021984907558352786,0.014012337534854702,-0.03464411412274396,0.01661299720204966,-0.026874991768967637,-0.033346492861313054,-0.02806193488743211,0.027959053039714285,331.373483,1209.99223,1407922.67,10.0,35000,0.78,25000,385.290351,1378.43256,3783881.37,15.0,0.0,0.0,120000,360.680248,1264.16824,2499856.87,10.0,15000,0.55,120000,336.327839,1283.80644,1530073.25,10.0,35000,0.78,120000
62,62,-0.02788867156376459,-0.047191759793453525,-0.008992770084747463,0.008828021235045079,-0.0034889584895369183,-0.02632926080175525,-0.01389684107527999,0.045915180727688173,-0.014277730855068886,0.04319794021301428,332.141737,1205.18753,1286520.97,10.0,35000,0.78,25000,384.205772,1346.83958,3430611.73,15.0,0.0,0.0,120000,359.363969,1222.86579,2265306.08,10.0,15000,0.55,120000,335.916987,1263.07883,1367988.0,10.0,35000,0.78,120000
63,63,-0.029462350833609943,-0.027458066472493946,-0.025518485363600588,-0.03029816187304539,-0.04302434923615693,-0.01568742583289165,-0.022837652814333743,-0.0427132581963117,-0.048886860341375814,0.00013454345194433698,342.410717,1205.94349,1458922.01,10.0,35000,0.78,25000,389.118698,1347.6931,3570770.84,15.0,0.0,0.0,120000,365.015338,1219.98387,2293124.36,10.0,15000,0.55,120000,340.635907,1193.6304,1420482.96,10.0,35000,0.78,120000
64,64,-0.004369715734238257,-0.008240697273685309,-0.0010244818549116422,-0.009387628120353035,-0.03331094888668762,-0.01308650024369986,-0.0060022500624698286,0.026485370657883645,-0.0068386436996821995,-0.006029607289128616,339.400722,1158.88402,1318925.85,10.0,35000,0.78,25000,388.472847,1311.46493,3311287.95,15.0,0.0,0.0,120000,364.13548,1192.91293,2154577.08,10.0,15000,0.55,120000,339.916871,1164.58572,1334280.51,10.0,35000,0.78,120000
65,65,-0.015200677778776699,-0.03711650790510696,-0.020335806404427934,-0.005390126690688481,-0.046926390564815956,0.02252157486127239,-0.019926672335572028,0.0207010563488811,-0.016295160125441577,0.01060305993225217,335.873803,1205.44791,1313521.99,10.0,35000,0.78,25000,386.545629,1366.87068,3364471.5,15.0,0.0,0.0,120000,362.099389,1245.85313,2194719.77,10.0,15000,0.55,120000,337.136674,1223.36585,1355084.46,10.0,35000,0.78,120000
66,66,-0.009637412525377538,-0.011509246049737493,-0.018093796840969747,-0.007667849272988615,-0.009170963469272826,0.02542588868188675,-0.036903715802988145,0.007001256629933242,-0.025148181028505585,0.004592058048868718,337.742086,1184.92594,1352413.84,10.0,35000,0.78,25000,387.966602,1342.75882,3450039.49,15.0,0.0,0.0,120000,363.657772,1223.46267,2248737.49,10.0,15000,0.55,120000,339.151764,1200.88192,1392439.37,10.0,35000,0.78,120000
67,67,-0.04106841063901481,0.013540102456301578,-0.02749879001863146,0.015039295191903473,-0.02229760642020669,0.011286104725662563,-0.007457649380142775,0.013503083403869659,-0.04206718345665653,0.03263462153680087,335.482534,1193.52145,1380973.55,10.0,35000,0.78,25000,389.681852,1356.70805,3757385.16,15.0,0.0,0.0,120000,364.923834,1241.47157,2492891.31,10.0,15000,0.55,120000,342.252398,1282.32417,1522099.09,10.0,35000,0.78,120000
68,68,-0.01803358333442389,-0.020561583230151028,-0.03250883439049995,0.012037376066799867,-0.037317270132475905,0.009725366030096869,-0.03321019088575264,0.039040790727155425,-0.04787598156078746,-0.03754085663694495,334.608065,1262.33827,1271002.35,10.0,35000,0.78,25000,388.646183,1449.61019,3392464.39,15.0,0.0,0.0,120000,363.763603,1331.10278,2239970.05,10.0,15000,0.55,120000,339.047379,1312.79957,1391716.17,10.0,35000,0.78,120000
69,69,-0.020142270437555912,-0.0299175974390184,-0.036617548558440335,0.021739725815586655,-0.008454532407211474,0.017576366355771936,-0.04937115897470899,0.025409255205836243,-0.007826719604504748,-0.024299383291514827,332.34381,1234.09474,1270713.13,10.0,35000,0.78,25000,387.288776,1421.20487,3433942.12,15.0,0.0,0.0,120000,362.328782,1307.71417,2278359.4,10.0,15000,0.55,120000,337.295386,1293.47653,1409687.48,10.0,35000,0.78,120000
70,70,-0.02562068603081333,0.021742006122265067,-0.04657772078204171,0.006100548507767353,-0.04114162346662506,0.003150808484468498,-0.01689598721257069,0.004216175890624285,-0.0237191931292921,-0.04047625730858673,340.662877,1223.89649,1343126.94,10.0,35000,0.78,25000,393.34349,1403.67215,3527480.02,15.0,0.0,0.0,120000,368.489261,1286.07839,2323138.43,10.0,15000,0.55,120000,344.930608,1260.66742,1448812.07,10.0,35000,0.78,120000
71,71,-0.021497350874467514,-0.03293967798158322,-0.04890731922155894,-0.04032204317537539,-0.011893794918114667,-0.019748143475962855,-0.017781085366868787,-0.008101894157314549,-0.03382646106328201,0.04804465057181219,340.545103,1179.81232,1448527.33,10.0,35000,0.78,25000,385.364841,1279.81883,3535091.81,15.0,0.0,0.0,120000,361.629461,1147.00614,2258633.32,10.0,15000,0.55,120000,337.238576,1146.20702,1386822.22,10.0,35000,0.78,120000
72,72,-0.03825636603215006,0.02485362200570579,-0.01751792137570908,-0.03316781961786337,-0.026551501342065083,0.005167136725356118,-0.000623033305752474,-0.025065530433918383,-0.037727558921205884,0.002483912198742888,348.37458,1147.88656,1477283.23,10.0,35000,0.78,25000,393.903815,1281.43542,3569061.69,15.0,0.0,0.0,120000,369.919167,1158.61521,2290332.04,10.0,15000,0.55,120000,346.558603,1131.28331,1426624.42,10.0,35000,0.78,120000
73,73,-0.008656284974514296,0.028359231613940092,-0.008055800184124613,-0.044707603502391946,-0.010030264225413268,-0.00895855178048794,-0.03210351027076241,-0.006302071568783638,-0.0011970628885890483,0.037583390366930855,351.434807,1130.07291,1433807.16,10.0,35000,0.78,25000,393.20726,1256.06127,3329470.38,15.0,0.0,0.0,120000,369.452263,1131.15566,2113698.68,10.0,15000,0.55,120000,346.807284,1095.9721,1315283.87,10.0,35000,0.78,120000
74,74,-0.007500830353837404,-0.03568965629679896,-0.0004313822818704377,0.005199013549990465,-0.04075408367790644,-0.03119160160520577,-0.0066665470805053195,0.02856867297985355,-0.046390290568763294,0.04615879629378504,331.801329,1217.02257,1327972.15,10.0,35000,0.78,25000,383.632287,1361.69233,3532757.35,15.0,0.0,0.0,120000,358.978223,1235.807,2329772.93,10.0,15000,0.55,120000,335.615861,1274.80291,1412036.07,10.0,35000,0.78,120000
75,75,-0.03563017427170763,0.016142007647225814,-0.02762124142651417,-0.04158389072044086,-0.031841629178829406,-0.007782602300370735,-0.021665367871027436,-0.049930384617589155,-0.04452428464492348,-0.025460769605239568,352.301417,1195.96633,1486884.45,10.0,35000,0.78,25000,395.327367,1331.84509,3520942.32,15.0,0.0,0.0,120000,371.210309,1202.78716,2242592.08,10.0,15000,0.55,120000,348.63448,1170.08498,1396296.43,10.0,35000,0.78,120000
76,76,-0.013355779020798389,-0.013320363209245976,-0.03902368701000274,-0.001310564297310829,-0.030459411596765344,0.0211925921745431,-0.0020941609874056757,-0.031031283512901645,-0.023055314733781102,0.014379850713371709,334.21878,1173.04396,1443281.59,10.0,35000,0.78,25000,385.781613,1321.91176,3768784.58,15.0,0.0,0.0,120000,361.526057,1205.38413,2470014.96,10.0,15000,0.55,120000,337.262481,1215.64778,1516836.99,10.0,35000,0.78,120000
77,77,-0.04412081945436955,-0.024855369640344543,-0.03729509769138307,0.0005204517335281808,-0.02300237069645594,-0.0394826955674739,-0.02580955954321349,-0.03816274348610496,-0.038386468694067644,-0.028855491541790585,337.315576,1225.63532,1417466.19,10.0,35000,0.78,25000,389.167462,1381.84835,3712368.84,15.0,0.0,0.0,120000,364.467862,1262.3792,2435216.43,10.0,15000,0.55,120000,340.787628,1271.85559,1496231.63,10.0,35000,0.78,120000
78,78,-0.015627131741877083,0.01486496505527786,-0.03122722871514933,0.01351726043653334,-0.005992324766808818,0.015310771137088633,-0.005406579672910056,-0.00931839911782846,-0.016899606761120747,0.03339926608113736,334.082519,1161.06091,1415178.81,10.0,35000,0.78,25000,387.279924,1313.39982,3817558.37,15.0,0.0,0.0,120000,362.716683,1198.9572,2530522.27,10.0,15000,0.55,120000,339.956239,1237.22602,1540721.44,10.0,35000,0.78,120000
79,79,-0.0246081778476127,-0.03753122087503139,-0.01965881781718178,0.008337513285535704,-0.01651491738504985,-0.02067718292432575,-0.030009517073908743,0.04483451224241823,-0.042862591660425435,-0.0007080912356835917,332.622415,1226.15025,1285786.14,10.0,35000,0.78,25000,385.641081,1388.56588,3421839.26,15.0,0.0,0.0,120000,361.006424,1271.04196,2252812.24,10.0,15000,0.55,120000,336.882669,1289.0156,1379595.88,10.0,35000,0.78,120000
80,80,-0.036369290193228695,0.008946277463096022,-0.03394500972855885,-0.03847506443842276,-0.028563013170873314,-0.03171497492916443,-0.03384654771346485,0.042827056063557925,-0.009753646350791026,-0.03699177447592871,355.149224,1229.91329,1287616.37,10.0,35000,0.78,25000,396.936002,1369.69128,3045221.74,15.0,0.0,0.0,120000,372.336062,1237.75404,1939844.07,10.0,15000,0.55,120000,350.692999,1202.01447,1203685.75,10.0,35000,0.78,120000
81,81,-0.04350200380236667,-0.042013263841518045,-0.029496542290965252,-0.0024677110673073377,-0.04006345498775926,-0.037117841759803274,-0.03994019015006385,-0.04553620041311138,-0.04931089601493038,0.01872681280849911,335.725931,1251.05537,1431374.97,10.0,35000,0.78,25000,387.376203,1405.43227,3757254.01,15.0,0.0,0.0,120000,362.714878,1280.85822,2458923.88,10.0,15000,0.55,120000,338.845928,1298.56754,1505276.66,10.0,35000,0.78,120000
82,82,-0.045525259848186006,-0.010475654087112693,-0.022647377596601383,0.011069103162671713,-0.018418122588421307,-0.041214528435131494,-0.04979785688734287,0.0017687194603131506,-0.0229369442489519,-0.008253664506561828,338.105425,1227.73028,1332065.69,10.0,35000,0.78,25000,391.607956,1406.74905,3527093.59,15.0,0.0,0.0,120000,366.638051,1289.87866,2326257.99,10.0,15000,0.55,120000,342.80209,1280.15239,1439912.65,10.0,35000,0.78,120000
83,83,-0.03280538506661771,0.019157167327928312,-0.04619808325002963,-0.027342096610879836,-0.004362884817357714,-0.009653550236255512,-0.03637921111859238,-0.02398341707599294,-0.0042096361939504,0.02848541694811446,346.103754,1155.15007,1454501.29,10.0,35000,0.78,25000,392.8103,1295.52173,3567784.08,15.0,0.0,0.0,120000,368.755508,1173.22371,2297576.72,10.0,15000,0.55,120000,345.223959,1146.68286,1428670.84,10.0,35000,0.78,120000
84,84,-0.04600623493897061,0.0029631771549516947,-0.012260115033522999,0.0016736308557115526,-0.014047035981544699,-0.04031172513734032,-0.03769750362002028,0.03331741840179078,-0.017074687078184075,-0.016961549629541037,342.309866,1205.9321,1292791.21,10.0,35000,0.78,25000,393.709916,1375.83692,3340064.78,15.0,0.0,0.0,120000,368.809611,1257.13773,2189656.35,10.0,15000,0.55,120000,345.141742,1230.37562,1360900.03,10.0,35000,0.78,120000
85,85,-0.019589220880910915,-0.026159633594319595,-0.014429491430278857,-0.0035300661953135415,-0.017106073703761653,-0.025575840710539862,-0.012366747452281418,0.03512163426618921,-0.011189526347518651,-0.029517019486849427,337.353566,1179.19523,1294035.12,10.0,35000,0.78,25000,387.887357,1337.0032,3298171.97,15.0,0.0,0.0,120000,363.355239,1218.46512,2154837.29,10.0,15000,0.55,120000,338.729326,1196.39892,1332643.19,10.0,35000,0.78,120000
86,86,-0.04487085820525987,0.0006150912186777616,-0.005891480065013041,-0.031255947054913226,-0.04205230754840239,0.006876821367297566,-0.005932786269660512,-0.007798097435818337,-0.008549931238580367,-0.03920439736708143,352.410788,1191.62934,1364041.53,10.0,35000,0.78,25000,395.885846,1331.50339,3251258.3,15.0,0.0,0.0,120000,371.363424,1205.72796,2082397.59,10.0,15000,0.55,120000,348.830361,1169.57503,1291240.54,10.0,35000,0.78,120000
87,87,-0.030871800182553828,-0.04441851207566556,-0.010489612316853636,0.018498284255715453,-0.0023596562668454085,0.026089943129209564,-0.03469731494407505,-0.03931913248859967,-0.01030437056444912,0.006419010626251942,330.799145,1191.48798,1392847.23,10.0,35000,0.78,25000,384.890487,1357.0937,3739676.88,15.0,0.0,0.0,120000,360.165332,1245.46761,2475374.48,10.0,15000,0.55,120000,335.539437,1262.75152,1510390.84,10.0,35000,0.78,120000
88,88,-0.0272045699888124,-0.04168141980469417,-0.04046769068478325,-0.01037411220530128,-0.0015983710903753195,-0.0023017647863064067,-0.04469705349129656,0.008868891306973783,-0.006081435750277281,-0.03868456207339368,338.65056,1215.95524,1311149.25,10.0,35000,0.78,25000,388.335402,1375.17555,3311672.8,15.0,0.0,0.0,120000,363.72978,1252.37503,2152992.93,10.0,15000,0.55,120000,339.056527,1224.57553,1331040.54,10.0,35000,0.78,120000
89,89,-0.041669738877104456,-0.006763918713484647,-0.0021217983726792983,0.013120860395916145,-0.029876752281500128,-0.014704828841534297,-0.004639056678435741,0.012797911898354525,-0.01059288306743554,0.0014779876986334844,336.8773,1171.83781,1337026.94,10.0,35000,0.78,25000,389.950692,1335.71024,3536460.08,15.0,0.0,0.0,120000,365.179981,1223.72526,2334059.88,10.0,15000,0.55,120000,341.46248,1225.57482,1435229.0,10.0,35000,0.78,120000
90,90,-0.021734208320623383,-0.04300755187188363,-0.0075225865584947135,-0.013585193072261026,-0.049979666173817806,-0.015322015360602133,-0.03424775327831431,-0.02411069207402962,-0.0256262181452748,-0.03229477394957454,340.622209,1240.33494,1347593.81,10.0,35000,0.78,25000,389.124418,1400.86375,3365437.17,15.0,0.0,0.0,120000,364.439729,1274.58179,2181656.18,10.0,15000,0.55,120000,340.269333,1242.38351,1349078.56,10.0,35000,0.78,120000
91,91,-0.04838240177630362,-0.0467013686378117,-0.033450820926783226,-0.0067876548866006026,-0.016491183341552265,-0.017962399306214384,-0.032535911070251444,-0.012137793535927803,-0.004652233263238013,-0.026552898254064466,338.49426,1208.53777,1349141.08,10.0,35000,0.78,25000,388.939858,1366.25644,3434444.38,15.0,0.0,0.0,120000,364.238691,1244.8745,2238795.23,10.0,15000,0.55,120000,339.32007,1222.35056,1382395.61,10.0,35000,0.78,120000
92,92,-0.008048488944352741,-0.021876637566241718,-0.04080837808953866,-0.034433891521841765,-0.024082655661683647,-0.013402604379520157,-0.04308015601249113,0.0361480668422052,-0.02479211393003061,0.04026487057248036,341.823399,1192.73875,1342564.69,10.0,35000,0.78,25000,387.757942,1333.16744,3259576.87,15.0,0.0,0.0,120000,363.861398,1204.15183,2086140.08,10.0,15000,0.55,120000,339.528598,1174.86923,1292633.94,10.0,35000,0.78,120000
93,93,-0.029648016431455013,-0.04069700210967062,-0.003202427482213263,0.018991988022604767,-0.038886176493837285,-0.011765450822011227,-0.02347076942836905,0.010879344662556314,-0.03944806104121182,-0.04210039564564981,332.882772,1242.2663,1292225.19,10.0,35000,0.78,25000,387.422813,1425.90315,3463583.52,15.0,0.0,0.0,120000,362.401686,1310.73688,2294366.25,10.0,15000,0.55,120000,337.464366,1299.81325,1417328.39,10.0,35000,0.78,120000
94,94,-0.034632269905575656,-0.017877182828854365,-0.04958974603617305,-0.04233085434504798,-0.021224929649972066,0.00820379282158143,-0.03735512260066799,-0.016851334649402208,-0.0034372875699277827,-0.04333932214573656,351.834604,1221.31179,1374482.44,10.0,35000,0.78,25000,393.811011,1357.35997,3226986.96,15.0,0.0,0.0,120000,369.48175,1226.48155,2048921.38,10.0,15000,0.55,120000,346.695515,1189.68067,1269415.97,10.0,35000,0.78,120000
95,95,-0.003765425197143908,0.005801274876907472,-0.012622398250775067,0.01627099674971845,-0.04597000950540376,0.026889608937115533,-0.04188867935666385,0.021482338478712254,-0.043745303957755936,0.03947025433381751,333.824681,1226.64514,1323629.75,10.0,35000,0.78,25000,388.243274,1413.15157,3574415.69,15.0,0.0,0.0,120000,363.615747,1298.3298,2365223.25,10.0,15000,0.55,120000,339.066205,1285.82782,1470560.91,10.0,35000,0.78,120000
96,96,-0.03226828400678855,-0.023147650467758157,-0.01906587741644604,-0.04530053108229483,-0.004976124857922842,0.018414375392330914,-0.025476602762452595,-0.015163576877710111,-0.015277208276019971,0.03579228274664846,345.636396,1144.03312,1446452.27,10.0,35000,0.78,25000,389.150323,1261.12097,3398857.51,15.0,0.0,0.0,120000,365.460274,1133.78002,2158755.5,10.0,15000,0.55,120000,341.15025,1105.69917,1335276.29,10.0,35000,0.78,120000
97,97,-0.0191265923030633,0.021175956336991056,-0.015559476655370101,-0.02113347872610336,-0.020660766495741164,-0.033686503369531676,-0.01473250706599464,-0.011400451245245281,-0.011765943045673036,-0.03518723894461534,347.272243,1166.0319,1389172.63,10.0,35000,0.78,25000,393.684779,1313.24155,3398734.64,15.0,0.0,0.0,120000,369.323715,1191.77586,2195708.7,10.0,15000,0.55,120000,346.4012,1158.65161,1366117.01,10.0,35000,0.78,120000
98,98,-0.017494301949259786,-0.029054646294963092,-0.04787080731636576,-0.02237500743761116,-0.02257643856106317,-0.0067365326866188555,-0.044170693533690866,0.00994989331030307,-0.024171201838405317,-0.044794457030495886,342.605379,1243.74302,1318795.5,10.0,35000,0.78,25000,389.995162,1400.69175,3259006.73,15.0,0.0,0.0,120000,365.506252,1272.28024,2101802.49,10.0,15000,0.55,120000,341.627292,1239.6559,1303865.84,10.0,35000,0.78,120000
99,99,-0.031811354372494105,-0.017000670867795893,-0.0038968176919311898,-0.04696956368886444,-0.015461891658046588,-0.0183503916823363,-0.008819506824632083,0.037997691227413255,-0.04149668424920559,-0.034280896385964155,350.14195,1174.90699,1339471.17,10.0,35000,0.78,25000,392.043713,1301.59335,3104734.87,15.0,0.0,0.0,120000,368.024238,1171.53704,1967300.13,10.0,15000,0.55,120000,344.614784,1136.60671,1220160.76,10.0,35000,0.78,120000
